depth,size,sample,sensitivity,pcc,on_set_size
2,10,0,1.0,71.58688030024548,512
2,10,1,1.0,102.80420988806652,256
2,10,2,1.25,49.96675369272326,640
2,10,3,1.0,33.26611728854493,768
2,10,4,1.0,37.14580995809218,768
2,10,5,1.0,103.45421305694659,256
2,10,6,1.0,35.156174459604316,768
2,10,7,1.0,37.118088920027915,768
2,10,8,1.0,67.00855068023617,512
2,10,9,1.0,38.512189689793296,768
2,10,10,1.0,68.45768775469035,512
2,10,11,1.0,103.06773259976708,256
2,10,12,1.25,48.52680688095742,640
2,10,13,1.0,34.95148811542791,768
2,10,14,1.25,45.021801563618666,640
2,10,15,0.75,29.130211094953733,896
2,10,16,1.0,67.66757951257134,512
2,10,17,1.0,35.07831146314921,768
2,10,18,1.0,67.9045864826446,512
2,10,19,1.0,66.81874674096157,512
2,20,0,1.0,66.05349805248123,512
2,20,1,1.0,67.14953172053595,512
2,20,2,1.0,103.5787239336599,256
2,20,3,1.0,102.56819372563227,256
2,20,4,1.0,102.43980896314706,256
2,20,5,1.0,69.75188204632104,512
2,20,6,1.25,91.33784251721372,384
2,20,7,1.0,34.287906770416186,768
2,20,8,1.0,37.1668734672937,768
2,20,9,1.25,91.8677942356712,384
2,20,10,1.0,38.503170594250925,768
2,20,11,1.0,102.9494275078488,256
2,20,12,1.0,68.9796581975485,512
2,20,13,1.25,92.10639991937438,384
2,20,14,1.25,93.18304631054299,384
2,20,15,1.25,92.95968977196054,384
2,20,16,1.0,103.22403874799399,256
2,20,17,1.0,65.80777695713091,512
2,20,18,1.0,67.20825072137156,512
2,20,19,1.0,67.24797810954493,512
2,30,0,0.75,28.07148484818541,896
2,30,1,0.75,26.64244551343109,896
2,30,2,0.75,43.44087777356171,128
2,30,3,0.75,30.423042208328784,896
2,30,4,1.0,66.45726906940621,512
2,30,5,1.25,49.646878581490284,640
2,30,6,1.25,92.62326919760028,384
2,30,7,0.75,29.90002878126259,896
2,30,8,1.0,37.95406217161621,768
2,30,9,1.0,37.402146302242016,768
2,30,10,1.5,54.08270835981399,576
2,30,11,1.0,68.97044714809425,512
2,30,12,1.0,103.29245090571465,256
2,30,13,0.75,43.67535952192342,128
2,30,14,0.75,27.21240793061714,896
2,30,15,1.25,93.89533265727836,384
2,30,16,0.75,30.43683960429002,896
2,30,17,1.0,71.73938375769765,512
2,30,18,1.0,36.852671329717396,768
2,30,19,1.0,37.21839018337652,768
2,40,0,1.0,67.44892744624619,512
2,40,1,1.0,70.61254589810129,512
2,40,2,1.0,36.03945106099242,768
2,40,3,1.0,70.25370831677401,512
2,40,4,1.0,68.16732319473137,512
2,40,5,1.0,38.70793255234179,768
2,40,6,1.25,47.24208722646847,640
2,40,7,1.25,95.68786422021239,384
2,40,8,1.0,37.92219691809831,768
2,40,9,0.75,43.04693347676913,128
2,40,10,0.5,25.127512822533838,960
2,40,11,1.0,39.10942124521723,768
2,40,12,1.0,69.88481397768713,512
2,40,13,1.0,67.52275585785661,512
2,40,14,1.0,104.0235488502646,256
2,40,15,1.0,65.90657374496706,512
2,40,16,1.25,48.50532795739409,640
2,40,17,0.75,29.36614322345299,896
2,40,18,1.0,68.94616821447092,512
2,40,19,1.0,102.73573663018018,256
2,50,0,1.0,69.86648682563992,512
2,50,1,1.5,73.58279660689496,448
2,50,2,1.25,93.55413047925339,384
2,50,3,0.75,28.615515847520168,896
2,50,4,1.0,66.88599613225325,512
2,50,5,1.0,66.64972820365924,512
2,50,6,1.0,35.78259470118401,768
2,50,7,1.0,66.82693137035135,512
2,50,8,1.0,66.77102678346756,512
2,50,9,1.5,54.721919027465496,576
2,50,10,1.0,33.89076975393334,768
2,50,11,1.0,33.35198897641091,768
2,50,12,0.75,31.708474740042487,896
2,50,13,1.0,38.360298827490595,768
2,50,14,1.0,38.511238781260616,768
2,50,15,0.75,29.319896998025655,896
2,50,16,1.0,68.95985790180045,512
2,50,17,1.25,93.32635690988732,384
2,50,18,1.0,69.32383439464736,192
2,50,19,1.0,102.05257354146265,256
2,60,0,1.0,37.27381766271406,768
2,60,1,1.0,103.01735796170252,256
2,60,2,1.0,103.54959551266573,256
2,60,3,1.0,68.36458118224644,512
2,60,4,1.0,37.62195729677062,768
2,60,5,1.5,71.757128370299,448
2,60,6,1.25,94.23771768837928,384
2,60,7,1.0,102.95738446627215,256
2,60,8,1.0,103.31433130378838,256
2,60,9,1.0,67.91417862741453,512
2,60,10,1.0,102.82837426087929,256
2,60,11,1.0,67.86593184990866,512
2,60,12,1.25,44.74669660223469,640
2,60,13,1.0,67.95462181822131,512
2,60,14,1.0,103.00640251737204,256
2,60,15,0.75,43.12679552272719,128
2,60,16,1.0,69.38516655471027,512
2,60,17,1.0,103.29393868770933,256
2,60,18,1.0,38.354121259137465,768
2,60,19,0.75,43.79580555862142,128
2,70,0,1.0,69.34477256047099,192
2,70,1,1.0,71.63939448938149,512
2,70,2,1.0,102.87559817884805,256
2,70,3,1.0,68.82668773673473,512
2,70,4,0.75,43.23624901253042,128
2,70,5,1.0,70.56118803155347,512
2,70,6,0.0,21.40551959128455,1024
2,70,7,1.0,102.77706362069493,256
2,70,8,1.25,43.9498944606063,640
2,70,9,1.25,49.10240324816036,640
2,70,10,1.0,68.11877995735489,512
2,70,11,1.0,68.6900295614664,192
2,70,12,1.0,103.02314138888954,256
2,70,13,0.75,43.27770775595596,128
2,70,14,1.0,39.225216139533515,768
2,70,15,1.0,68.76105597728248,192
2,70,16,1.0,65.69040182989706,512
2,70,17,1.0,102.49947515839372,256
2,70,18,1.25,47.30457067500233,640
2,70,19,1.0,69.05333869815877,512
2,80,0,0.75,43.09462869908155,128
2,80,1,1.25,47.579638735705714,640
2,80,2,0.75,24.740768688535365,896
2,80,3,1.0,68.52870156321822,512
2,80,4,1.0,102.92901356170141,256
2,80,5,1.0,104.24311603746732,256
2,80,6,1.25,92.52134249506892,384
2,80,7,1.0,36.46905708569885,768
2,80,8,1.25,92.75838418387185,384
2,80,9,1.0,67.64101805561472,512
2,80,10,1.0,69.67090611754936,512
2,80,11,1.0,103.78020815831775,256
2,80,12,0.75,42.971822328998655,128
2,80,13,1.0,35.088460860519255,768
2,80,14,1.0,69.37408453956803,192
2,80,15,1.0,102.3722547887205,256
2,80,16,1.0,104.42359024091792,256
2,80,17,1.0,37.264482677786546,768
2,80,18,1.0,67.55346659464826,512
2,80,19,1.0,67.75734817175129,512
2,90,0,1.0,38.10489945669002,768
2,90,1,1.25,92.94376341154248,384
2,90,2,0.75,28.34422921098622,896
2,90,3,1.0,102.74358014404407,256
2,90,4,1.0,67.62514275814299,512
2,90,5,1.25,93.42463789275067,384
2,90,6,1.0,34.339060607348046,768
2,90,7,1.0,70.77842117775711,512
2,90,8,1.0,63.18694063962542,512
2,90,9,1.25,43.924797668813824,640
2,90,10,1.25,91.64247808873692,384
2,90,11,1.0,68.70661842910067,512
2,90,12,1.0,38.12216546532435,768
2,90,13,1.0,102.38792151427545,256
2,90,14,1.0,103.73265264634347,256
2,90,15,1.0,37.11364149369102,768
2,90,16,1.0,38.00954873728736,768
2,90,17,1.0,102.9138732021033,256
2,90,18,1.0,30.447034261161082,832
2,90,19,1.0,68.96659046698886,512
2,100,0,1.0,67.01262310733978,512
2,100,1,1.0,35.04042254066704,768
2,100,2,1.25,93.06248482382348,384
2,100,3,1.0,37.21061288617348,768
2,100,4,1.0,103.07782765120379,256
2,100,5,1.0,36.89120352946259,768
2,100,6,1.0,35.21922413173568,768
2,100,7,0.75,43.10618154493632,128
2,100,8,0.75,43.308811663165855,128
2,100,9,0.75,26.716639198981646,896
2,100,10,1.0,34.12802785846627,768
2,100,11,1.0,35.630347148748,768
2,100,12,1.0,71.11193108218876,512
2,100,13,1.0,102.14892448331493,256
2,100,14,0.5,28.790946477986676,960
2,100,15,1.0,102.5342816523778,256
2,100,16,1.0,103.4084676077566,256
2,100,17,1.0,102.6547823323337,256
2,100,18,1.0,103.39886345720592,256
2,100,19,1.0,32.4336055773328,832
3,10,0,1.0,67.28929497759555,512
3,10,1,0.75,28.506260886697476,896
3,10,2,1.0,70.23911950678965,512
3,10,3,0.5,17.46471902262154,64
3,10,4,1.25,111.58422698747876,320
3,10,5,1.0,104.2906169629113,256
3,10,6,1.0,36.917905249019384,768
3,10,7,1.0,68.5568943437313,512
3,10,8,1.0,68.82673829750935,512
3,10,9,1.0,36.38914483535656,768
3,10,10,1.0,69.09483924845141,512
3,10,11,0.75,42.89798419923311,128
3,10,12,1.0,102.81499515677459,256
3,10,13,1.0,103.11988569608013,256
3,10,14,1.0,71.5687573832466,512
3,10,15,1.0,103.48572377658502,256
3,10,16,1.25,89.99750258650349,384
3,10,17,1.0,102.16100790224507,256
3,10,18,1.0,69.63671663442422,512
3,10,19,1.0,35.290211541925615,768
3,20,0,1.0,103.82491872531091,256
3,20,1,1.0,38.42988411800761,768
3,20,2,1.25,41.91135825933699,704
3,20,3,0.5,23.982203510707254,960
3,20,4,1.0,68.8284804648323,512
3,20,5,1.0,103.64842550828,256
3,20,6,1.0,103.2590905983604,256
3,20,7,1.0625,33.246636358012296,816
3,20,8,1.0,103.67300535106492,256
3,20,9,1.0,32.840880147705704,832
3,20,10,1.0,103.07804583136246,256
3,20,11,1.0,69.4565982787595,512
3,20,12,1.0,69.37208015400321,512
3,20,13,1.0,102.91791806515067,256
3,20,14,1.0,66.2667615796138,512
3,20,15,1.0,102.53806120899348,256
3,20,16,1.25,93.04379506875487,384
3,20,17,1.0,67.95829105894542,512
3,20,18,1.0625,83.82520476573156,224
3,20,19,1.0,103.5298642243928,256
3,30,0,1.0,69.49759296060951,512
3,30,1,1.0,36.79889808840334,768
3,30,2,1.0,35.493056579315834,768
3,30,3,1.0,68.06560156793718,512
3,30,4,1.0,104.20109500514961,256
3,30,5,1.0,68.7008063327704,512
3,30,6,1.0,102.57048378740816,256
3,30,7,1.0,68.03870668543942,512
3,30,8,1.0,31.136116414927837,832
3,30,9,1.0,37.02485046540595,768
3,30,10,1.0,66.5198215828895,512
3,30,11,1.0,102.56349867315629,256
3,30,12,1.0,69.02149924991826,192
3,30,13,1.0,68.17125489289114,192
3,30,14,1.0,68.43163509897654,512
3,30,15,1.0,68.48388023394558,512
3,30,16,1.25,110.99811341704294,320
3,30,17,1.25,92.5521743043436,384
3,30,18,0.75,28.746894045555123,896
3,30,19,1.0,31.86558775687279,832
3,40,0,1.25,44.87542670192819,640
3,40,1,1.0,67.87218926955886,512
3,40,2,1.0,37.43353427044414,768
3,40,3,1.0,69.9811977462434,512
3,40,4,1.0,103.45160627860326,256
3,40,5,0.0,0.0,0
3,40,6,1.0,36.48464210124955,768
3,40,7,1.0,68.78391051520651,512
3,40,8,1.0,67.68518796670071,512
3,40,9,1.0,34.20578418343945,768
3,40,10,0.75,43.445499695965495,128
3,40,11,0.75,23.772064806279406,896
3,40,12,1.25,41.944861729177276,704
3,40,13,1.0,67.87012460999799,512
3,40,14,1.0,32.8755152502423,832
3,40,15,1.25,45.536804101506625,640
3,40,16,0.0,0.0,0
3,40,17,1.0,68.88891670622861,512
3,40,18,1.0,103.14501983514853,256
3,40,19,1.0,69.05831694709238,192
3,50,0,1.0,103.60974118390234,256
3,50,1,1.0,103.25414441070605,256
3,50,2,1.0,70.22101285025623,512
3,50,3,1.0,37.867181461331114,768
3,50,4,1.0,66.50231109567413,512
3,50,5,1.25,92.49208338293211,384
3,50,6,1.25,45.343388437555625,640
3,50,7,0.75,42.92538648870629,128
3,50,8,1.0,102.88250902792439,256
3,50,9,1.0,67.68767940128726,512
3,50,10,1.0,70.30677780314693,512
3,50,11,1.5,72.77613509500988,448
3,50,12,1.0,102.73408794307605,256
3,50,13,1.0,38.5799251159374,768
3,50,14,1.25,46.10945196138266,640
3,50,15,1.25,45.8019589164805,640
3,50,16,1.0,33.28109300603567,768
3,50,17,0.75,43.03834266514794,128
3,50,18,0.75,43.15915912785394,128
3,50,19,1.25,49.14616989523401,640
3,60,0,0.75,43.19024489677813,128
3,60,1,1.0,39.596292238626845,768
3,60,2,1.0,37.878025251038494,768
3,60,3,0.75,43.45676058737574,128
3,60,4,1.0,71.14864104878562,512
3,60,5,0.0,21.424275087073784,1024
3,60,6,1.0,36.07892718952252,768
3,60,7,1.0,66.27038927293228,512
3,60,8,0.75,28.201795851486146,896
3,60,9,1.3125,42.922518880514275,672
3,60,10,1.0,66.83450349334807,512
3,60,11,1.0,36.116131560264606,768
3,60,12,1.25,48.794335347529184,640
3,60,13,1.0,103.2536526892623,256
3,60,14,0.75,43.496624817653725,128
3,60,15,0.75,29.197357650693053,896
3,60,16,1.0,32.80599032923308,768
3,60,17,1.0,103.25833989789163,256
3,60,18,0.75,43.482610040659054,128
3,60,19,1.0,38.21103498276762,768
3,70,0,1.0,68.5632535891483,192
3,70,1,0.75,43.28284699743922,128
3,70,2,1.25,50.83840292112782,640
3,70,3,0.5,17.61338796625641,64
3,70,4,1.25,92.53383717526967,384
3,70,5,1.0,35.28296138649587,768
3,70,6,0.5,25.314210517397076,960
3,70,7,0.5,17.86840257932892,64
3,70,8,1.0,68.81960056672287,192
3,70,9,0.75,30.122892557138613,896
3,70,10,1.0,102.72135342339277,256
3,70,11,1.25,93.84716633489992,384
3,70,12,1.0,31.048947198633154,832
3,70,13,1.0,69.5653243701879,512
3,70,14,1.0,103.31506761815972,256
3,70,15,1.0,38.81885630085496,768
3,70,16,1.0,36.7149694025339,768
3,70,17,1.0,34.77619046637045,768
3,70,18,0.75,43.418551408796176,128
3,70,19,0.75,43.160475899184945,128
3,80,0,0.9375,27.405209408287504,864
3,80,1,1.0,102.49178700315623,256
3,80,2,1.0,35.529773250650635,768
3,80,3,1.25,45.11442349794392,640
3,80,4,0.75,27.385041566190115,896
3,80,5,0.5,25.422301854573035,960
3,80,6,0.6875,27.921283664346326,928
3,80,7,0.8125,32.93166235767346,112
3,80,8,0.75,29.346210120638073,896
3,80,9,1.5,51.46404907981392,576
3,80,10,0.5,25.58618609034895,960
3,80,11,0.75,26.663071213530007,896
3,80,12,1.0,102.77484038698636,256
3,80,13,1.0,33.20969967571567,768
3,80,14,1.5,73.64272574062102,448
3,80,15,0.75,26.70975921999011,896
3,80,16,1.0,103.58803959959849,256
3,80,17,1.0,103.43846495056735,256
3,80,18,1.25,43.646346650729384,640
3,80,19,1.0,68.42812959903101,512
3,90,0,1.0,69.58682610692942,512
3,90,1,0.75,43.38304714559776,128
3,90,2,1.25,48.849451203871766,640
3,90,3,1.0,72.42509541186585,512
3,90,4,1.25,46.65709803426183,640
3,90,5,1.0,103.55419108482339,256
3,90,6,1.0,67.73884622998673,512
3,90,7,1.0,103.95868504927567,256
3,90,8,1.0,69.07174768482325,512
3,90,9,0.75,28.134993084106195,896
3,90,10,1.0,36.2977094225488,768
3,90,11,1.0,103.56725238306437,256
3,90,12,1.0,66.34010970830684,512
3,90,13,1.0,103.43001453460201,256
3,90,14,1.3125,52.68833336152531,608
3,90,15,1.0,69.81471456535745,512
3,90,16,0.0,0.0,0
3,90,17,0.75,43.13558105468887,128
3,90,18,1.0,30.173905190512478,832
3,90,19,1.25,48.110125988320185,640
3,100,0,1.0,35.72688136147636,768
3,100,1,1.25,92.91622966956368,384
3,100,2,1.0,38.20766776383053,768
3,100,3,1.0,68.10746012099212,512
3,100,4,1.0,33.661816078409835,768
3,100,5,1.0,68.63553741110391,512
3,100,6,1.0,40.08072865724004,768
3,100,7,0.75,27.55121712932495,896
3,100,8,1.0,103.45183168255824,256
3,100,9,1.0,35.22587169775695,768
3,100,10,1.0,70.5943655112467,512
3,100,11,0.6875,28.04692148081988,96
3,100,12,1.25,90.32235071083406,384
3,100,13,1.0,103.46176651118597,256
3,100,14,1.0,69.11711417668978,512
3,100,15,1.25,47.8643424928402,640
3,100,16,1.0,102.80522657130768,256
3,100,17,0.5,17.617155839544278,64
3,100,18,1.25,77.19220357787336,448
3,100,19,1.0,67.8361831094818,512
4,10,0,1.25,50.415932489535145,640
4,10,1,1.0,34.016523449816574,768
4,10,2,1.0,102.86539620650166,256
4,10,3,1.25,92.29044019089804,384
4,10,4,1.25,50.63566998318473,640
4,10,5,1.25,75.4563997156545,448
4,10,6,1.0,34.79693506918323,832
4,10,7,1.0,65.15921624569334,512
4,10,8,1.0,67.03941174565463,512
4,10,9,1.0,36.92318412481603,768
4,10,10,0.75,43.4853413764845,128
4,10,11,0.75,32.11855020977052,896
4,10,12,1.0,35.84204390561172,768
4,10,13,1.0,66.81594250640578,512
4,10,14,1.0,68.45479990478427,512
4,10,15,1.0,68.02771234138271,512
4,10,16,1.0,68.53478504781305,512
4,10,17,1.0,33.76166041678435,768
4,10,18,1.0,103.87412519232495,256
4,10,19,1.0,36.16406453920339,768
4,20,0,1.0,103.2299696245003,256
4,20,1,1.0,39.061296123474946,768
4,20,2,1.25,92.73998485145324,384
4,20,3,1.5,53.70869773419027,576
4,20,4,1.0,103.46451111388345,256
4,20,5,1.0,37.94901044547452,768
4,20,6,1.0,37.26654150270502,768
4,20,7,1.0,68.9854288980633,512
4,20,8,1.0,69.25123017151785,512
4,20,9,1.0,70.6323884949557,512
4,20,10,0.75,43.827329024963134,128
4,20,11,1.0,70.11164253173678,512
4,20,12,1.0,37.79323098386968,768
4,20,13,1.0,68.48461778018185,512
4,20,14,1.0,102.89275691963724,256
4,20,15,1.0,36.53491704941586,768
4,20,16,0.75,27.048650527453706,896
4,20,17,1.0,68.61461593926592,512
4,20,18,1.0,36.114354892750384,768
4,20,19,1.0,34.996711597917496,768
4,30,0,1.0,102.05902729010043,256
4,30,1,1.0,70.02636702309582,512
4,30,2,1.0,69.77931755047378,512
4,30,3,1.25,90.82481043179574,384
4,30,4,1.625,84.01563910560157,384
4,30,5,1.5,61.523542781083115,512
4,30,6,1.0,67.9511052022649,512
4,30,7,1.0,36.98097857602987,768
4,30,8,1.0,39.141557758051746,768
4,30,9,1.0,103.6380944073509,256
4,30,10,0.75,43.30353749856249,128
4,30,11,1.25,93.32470223018142,384
4,30,12,1.0,69.63928630132396,512
4,30,13,1.0,37.50036136867109,768
4,30,14,1.0,68.69291907180607,512
4,30,15,1.0,102.82784740319413,256
4,30,16,0.0,0.0,0
4,30,17,1.0,68.18797112785754,512
4,30,18,1.0,103.51496919841782,256
4,30,19,1.0,36.65909614979177,768
4,40,0,0.75,42.90251922144073,128
4,40,1,0.3125,25.793070747406965,992
4,40,2,1.0,36.08485913105587,768
4,40,3,1.0,40.35876099680854,768
4,40,4,0.75,27.4583390927523,896
4,40,5,1.0,68.10258144683432,512
4,40,6,1.0,69.79150581415223,512
4,40,7,1.0,104.25045296135397,256
4,40,8,1.0,66.9674273908412,512
4,40,9,1.25,48.70083698683145,640
4,40,10,1.0,103.4711919143205,256
4,40,11,1.0,71.10352824445964,512
4,40,12,1.0,103.14684531279514,256
4,40,13,1.0,67.3473838153882,512
4,40,14,1.5,46.810931744018475,640
4,40,15,1.0,38.58389405907167,768
4,40,16,1.0,28.077562672104857,832
4,40,17,1.0,29.848718115288875,832
4,40,18,1.0,34.07539867110623,768
4,40,19,0.75,42.850643231807254,128
4,50,0,1.25,93.69391454756808,384
4,50,1,0.5,17.552786514043028,64
4,50,2,1.3125,40.69706823693343,736
4,50,3,0.5,24.763516687616352,960
4,50,4,1.0,66.98249766776081,512
4,50,5,1.0,68.75970679769935,512
4,50,6,1.0,70.93338451589999,512
4,50,7,1.0,103.0490130665321,256
4,50,8,1.0,67.00189435360402,512
4,50,9,1.0,38.268707848204194,768
4,50,10,1.0,34.80881585390675,768
4,50,11,0.5,17.364991877131658,64
4,50,12,1.3125,100.33105551290451,352
4,50,13,1.0,33.201009808314296,832
4,50,14,1.0625,34.78858758439297,800
4,50,15,1.0,73.50249128573034,512
4,50,16,1.5,55.03067693346456,576
4,50,17,1.0,68.97376747649986,512
4,50,18,1.0,70.23944961051623,512
4,50,19,1.25,92.42642881876795,384
4,60,0,1.25,45.66370337013062,640
4,60,1,1.0,68.51691988109292,512
4,60,2,1.0,103.94449153198005,256
4,60,3,0.75,43.513810604723005,128
4,60,4,1.0,103.66603201226194,256
4,60,5,0.75,26.33446240336784,896
4,60,6,0.5,25.057692534010435,960
4,60,7,1.0,104.09803450557035,256
4,60,8,0.75,30.42389433258022,896
4,60,9,0.0,21.69351097188771,1024
4,60,10,1.0,35.58681812031196,768
4,60,11,0.0,21.852542482638714,1024
4,60,12,1.0,34.48166421149629,832
4,60,13,0.0,0.0,0
4,60,14,1.0,38.329757359987056,768
4,60,15,1.0,37.86303679913442,768
4,60,16,0.5,17.56481470269402,64
4,60,17,1.0,36.455363959685286,768
4,60,18,1.0,102.01183199149148,256
4,60,19,1.25,45.86141909486636,640
4,70,0,1.3125,46.28366242934937,672
4,70,1,1.0,102.62531533083437,256
4,70,2,1.25,46.70309177829219,640
4,70,3,1.25,44.69627459730317,640
4,70,4,1.0,103.90279471990327,256
4,70,5,1.25,83.17399754332381,448
4,70,6,1.0,102.78449787260803,256
4,70,7,0.75,42.8665319873395,128
4,70,8,1.0,67.20052623033212,512
4,70,9,1.0,67.96751150075733,512
4,70,10,1.0,102.48763375451045,256
4,70,11,0.0,0.0,0
4,70,12,0.75,42.87475618970723,128
4,70,13,0.75,28.05423128433511,896
4,70,14,0.5,25.166606638644815,960
4,70,15,1.25,52.29472862987946,640
4,70,16,1.0,102.9090455095522,256
4,70,17,1.0,70.0202080971579,512
4,70,18,1.0,34.71744247517058,768
4,70,19,1.0,67.76469182094657,512
4,80,0,0.5,17.25610375958119,64
4,80,1,1.25,93.08315709526487,384
4,80,2,1.0,40.57114349336132,768
4,80,3,0.75,28.120390678163083,896
4,80,4,1.25,92.3027318923809,384
4,80,5,1.0,71.10731036298453,512
4,80,6,1.3125,34.3583921098258,736
4,80,7,0.5,17.629650790613354,64
4,80,8,1.0,68.58575402416679,512
4,80,9,1.0625,84.59808151426405,224
4,80,10,1.0,68.86486086272656,512
4,80,11,1.0,102.89258089652603,256
4,80,12,1.0,70.63980070394052,512
4,80,13,0.75,43.0418903367065,128
4,80,14,1.0,67.2263337712024,512
4,80,15,1.5,75.33488400255858,448
4,80,16,0.0,22.311103645061092,1024
4,80,17,1.0,65.8732953645644,512
4,80,18,1.0,103.84358315345474,256
4,80,19,1.5,74.27911713053291,448
4,90,0,1.0,71.26586213970343,512
4,90,1,0.5,25.25857690612917,960
4,90,2,1.0,37.54875604410877,768
4,90,3,1.25,93.32133812010838,384
4,90,4,1.5,76.7024932036238,448
4,90,5,1.0,34.85705977816648,768
4,90,6,0.0,0.0,0
4,90,7,1.0,69.7565904769353,512
4,90,8,1.25,77.933818206751,448
4,90,9,0.75,28.65861947399378,896
4,90,10,0.5,25.077426895824882,960
4,90,11,1.0,68.07279029512182,512
4,90,12,0.0,21.436232137512697,1024
4,90,13,1.5,76.30033682463286,448
4,90,14,0.3125,24.5386520936816,992
4,90,15,1.5,52.17675432584239,576
4,90,16,1.25,38.899475032839376,704
4,90,17,0.75,27.438417035461566,896
4,90,18,1.0,103.7528431876674,256
4,90,19,1.0,67.52623159022838,512
4,100,0,1.5,72.89865710521978,448
4,100,1,0.5,17.753241861885257,64
4,100,2,1.0,102.82453677275501,256
4,100,3,0.9375,31.46801414441582,864
4,100,4,1.25,91.62355229255476,384
4,100,5,1.0,37.24959955445998,768
4,100,6,1.5,38.36322390598971,704
4,100,7,1.25,44.539168200875494,640
4,100,8,1.0,70.17274659782824,512
4,100,9,1.0,68.24376921812535,512
4,100,10,1.0,37.605037281120296,768
4,100,11,1.0,36.038742349328665,768
4,100,12,0.75,28.340397019702483,896
4,100,13,1.0,29.310136944644746,832
4,100,14,1.0,69.40774726856317,512
4,100,15,1.5,86.27267565713738,384
4,100,16,1.25,45.63742789078212,640
4,100,17,1.0,68.2335037622702,512
4,100,18,0.75,32.44578346046473,896
4,100,19,1.25,43.98341721668692,640
5,10,0,1.0,36.720725598538806,768
5,10,1,1.25,45.831651869953276,640
5,10,2,1.0,35.686342722354205,768
5,10,3,0.75,29.523159299636564,896
5,10,4,1.4375,44.080774593796484,672
5,10,5,1.0,39.603935876226906,768
5,10,6,1.25,47.95369292182772,640
5,10,7,1.0,35.50065817726495,768
5,10,8,1.0,68.95131692157045,512
5,10,9,1.0,69.40659137729526,512
5,10,10,0.75,31.64120676074711,896
5,10,11,1.25,47.454464789660584,640
5,10,12,1.0,39.215558868991415,768
5,10,13,1.0,68.30152542368452,512
5,10,14,1.0,33.21280814572732,768
5,10,15,1.0,103.43491720707192,256
5,10,16,1.0,38.76861367390801,768
5,10,17,1.0,102.65539096477981,256
5,10,18,1.0,102.64187719517666,256
5,10,19,1.0,68.27514086710048,512
5,20,0,0.75,43.15077224112482,128
5,20,1,1.0,68.11661083115595,512
5,20,2,1.25,79.67022200408891,448
5,20,3,1.0,103.01112322077722,256
5,20,4,0.75,42.12826994511178,128
5,20,5,1.0,103.47230664198061,256
5,20,6,1.0,69.09568281424275,512
5,20,7,0.0,0.0,0
5,20,8,1.0,68.71843252275985,512
5,20,9,1.0,103.90767950862514,256
5,20,10,1.0,35.923928320327974,768
5,20,11,1.0,102.98976861451064,256
5,20,12,1.25,46.665935287766516,640
5,20,13,1.0,71.03616023883684,512
5,20,14,0.75,42.73178795420627,128
5,20,15,1.0,32.85285850820962,768
5,20,16,0.75,27.26567349864415,896
5,20,17,0.75,26.429871743987697,896
5,20,18,0.3125,6.756131301941441,32
5,20,19,1.0,34.67761853231457,768
5,30,0,1.0,36.74243577827833,768
5,30,1,0.5,23.44591505767416,960
5,30,2,1.0,39.416611284076296,768
5,30,3,0.75,27.179007801647852,896
5,30,4,0.0,0.0,0
5,30,5,1.0,103.1208607405768,256
5,30,6,1.0,66.81241582114224,512
5,30,7,1.0,70.7591961340134,512
5,30,8,0.4375,22.747859126840144,976
5,30,9,1.25,48.97847804080897,640
5,30,10,1.0,102.75773224973157,256
5,30,11,0.3125,25.192409009230474,992
5,30,12,1.25,93.05580827696515,384
5,30,13,1.0,68.56340963806353,512
5,30,14,1.0,69.99203074518036,512
5,30,15,1.5,74.39134354760931,448
5,30,16,1.0,31.068195219811905,832
5,30,17,0.5,17.37322607571022,64
5,30,18,1.25,90.79297119161603,384
5,30,19,1.0,39.42753574708011,768
5,40,0,1.0,68.92423442123646,512
5,40,1,1.0,68.19847376147344,192
5,40,2,0.75,28.10537214236228,896
5,40,3,1.0,103.44709935225116,256
5,40,4,1.0,36.16278538519333,768
5,40,5,1.0,31.780336378162254,768
5,40,6,1.0,103.41629536186784,256
5,40,7,0.75,28.769329864672176,896
5,40,8,1.0,68.80335901338562,192
5,40,9,1.0,102.70208663267522,256
5,40,10,1.625,83.64378854482335,384
5,40,11,0.0,20.314945060365712,1024
5,40,12,0.0,19.933576526467096,1024
5,40,13,0.75,29.609727067284865,896
5,40,14,1.25,91.18655436365106,384
5,40,15,0.75,28.64595370595223,896
5,40,16,1.0,103.30823422662715,256
5,40,17,1.0,32.775494437986865,768
5,40,18,1.0,101.97604014503682,256
5,40,19,1.0,67.57052993487734,512
5,50,0,1.0,103.89316819994102,256
5,50,1,1.25,93.71163960187084,384
5,50,2,0.75,43.25294916350451,128
5,50,3,1.0,32.5089377995843,768
5,50,4,1.1875,34.267168768038196,800
5,50,5,0.6875,28.540998079776962,96
5,50,6,1.0,102.84737778943335,256
5,50,7,0.75,43.33830982796209,128
5,50,8,1.25,92.4505418802201,384
5,50,9,1.25,93.23731095197569,384
5,50,10,1.0,69.49874111861062,512
5,50,11,1.0,103.57556486485815,256
5,50,12,1.0,70.32398826911461,512
5,50,13,0.6875,26.417659667967335,928
5,50,14,1.0,39.24182835433202,768
5,50,15,1.0,32.509615413943294,768
5,50,16,0.75,43.346907075986444,128
5,50,17,1.0,28.548100649755014,832
5,50,18,1.0,103.5859811809311,256
5,50,19,1.0,102.47402862686755,256
5,60,0,0.75,42.46656001037181,128
5,60,1,1.0,103.35840762880717,256
5,60,2,1.0,68.52345331189878,512
5,60,3,1.0,68.32425438108976,512
5,60,4,1.5625,65.0494630632662,480
5,60,5,0.75,26.153220416613753,896
5,60,6,1.0,69.88876937241817,512
5,60,7,1.0,30.67745339070081,768
5,60,8,1.4375,96.44523597439688,352
5,60,9,1.0,103.41488609728057,256
5,60,10,1.0625,84.7635639688084,224
5,60,11,1.0,70.09183486853624,512
5,60,12,0.6875,25.06034021413184,928
5,60,13,1.25,49.28739399180195,640
5,60,14,0.75,43.765634077980366,128
5,60,15,1.25,48.87743719430455,640
5,60,16,0.75,43.041468510254596,128
5,60,17,0.0,0.0,0
5,60,18,0.75,43.214658219878075,128
5,60,19,1.25,112.16616691659905,320
5,70,0,0.0,0.0,0
5,70,1,1.5,53.39881203891403,576
5,70,2,1.0,38.7062161166385,768
5,70,3,1.3125,101.62408276863668,352
5,70,4,1.25,93.99432251707088,384
5,70,5,1.0,67.68494102682381,512
5,70,6,1.0,71.55798223578671,512
5,70,7,1.25,45.03480000236071,640
5,70,8,1.0,68.24127200702753,192
5,70,9,1.25,92.4146068490421,384
5,70,10,1.0,70.05206429510453,512
5,70,11,1.0,38.66437858355815,768
5,70,12,1.0,36.59749819255998,768
5,70,13,0.75,43.112893507041036,128
5,70,14,1.0,102.66705201937395,256
5,70,15,1.0,103.61112630665903,256
5,70,16,1.0,68.69674536881172,192
5,70,17,1.0,36.70536523347524,768
5,70,18,0.75,43.22923481235122,128
5,70,19,1.0,70.36432752656444,512
5,80,0,0.75,29.234157642620836,896
5,80,1,1.5625,48.447055016643716,608
5,80,2,1.25,59.92173526128171,560
5,80,3,1.25,92.75911572705289,384
5,80,4,0.75,43.49039428020763,128
5,80,5,0.75,43.77413617495779,128
5,80,6,1.5,60.473847015700784,512
5,80,7,1.3125,85.92492747174339,416
5,80,8,1.609375,71.15815568925274,472
5,80,9,1.0,103.66621403565541,256
5,80,10,1.25,91.42362199163247,384
5,80,11,1.0,103.47326320792229,256
5,80,12,0.0,0.0,0
5,80,13,1.0,36.6343393421722,768
5,80,14,1.0,102.59575685290741,256
5,80,15,1.0,36.46120218676262,768
5,80,16,1.0,42.193738895641985,768
5,80,17,0.75,27.33292094996292,896
5,80,18,1.0,32.2788305525877,832
5,80,19,1.0,70.63524456715322,512
5,90,0,1.25,45.29982956456304,640
5,90,1,1.25,79.26697227860274,448
5,90,2,1.0,35.67551562610193,768
5,90,3,0.3125,26.022415106297945,992
5,90,4,1.0,103.0847768328745,256
5,90,5,1.0,70.56132763028566,512
5,90,6,1.0,69.597191389709,192
5,90,7,0.75,42.9782759018952,128
5,90,8,0.5,17.605703147242153,64
5,90,9,1.0,69.21109105280956,512
5,90,10,1.5,44.00385089602432,640
5,90,11,1.25,49.89649195062199,640
5,90,12,1.0,34.67279518112137,768
5,90,13,1.0,35.10094104475674,768
5,90,14,1.0,31.261174346698745,848
5,90,15,0.75,43.73814918218153,128
5,90,16,0.0,0.0,0
5,90,17,1.0,104.23294539807695,256
5,90,18,0.75,43.59980066468163,128
5,90,19,1.0,102.68404017860382,256
5,100,0,1.1875,28.914442431357,832
5,100,1,1.25,49.04899172699541,640
5,100,2,0.6875,28.5784175734999,96
5,100,3,0.5,29.643326085795945,960
5,100,4,1.0,103.16547702067557,256
5,100,5,1.25,49.43517429556661,640
5,100,6,1.375,42.47002830248668,704
5,100,7,1.25,39.58757740795926,736
5,100,8,0.3125,6.515457346556865,32
5,100,9,0.0,0.0,0
5,100,10,0.6875,25.046807931749676,928
5,100,11,1.25,92.96619627022837,384
5,100,12,1.0,69.28658280164501,512
5,100,13,1.125,27.49522093270034,832
5,100,14,1.0,36.57277040236202,768
5,100,15,1.0,70.37125512241009,512
5,100,16,1.0,31.691111338802116,832
5,100,17,1.0,37.13775521191464,768
5,100,18,1.25,48.92709070275003,640
5,100,19,0.0,24.750235211070738,1024
6,10,0,1.0,39.06486337420144,768
6,10,1,1.0,101.6087259241923,256
6,10,2,1.0,68.9394351521765,512
6,10,3,1.0,70.04693332826105,512
6,10,4,1.0,32.06606977463528,768
6,10,5,1.0,103.41248776541354,256
6,10,6,1.0,33.99797774095046,768
6,10,7,1.0,69.86317227905062,512
6,10,8,1.0,102.83046692074407,256
6,10,9,0.75,43.4434465670667,128
6,10,10,0.75,43.39883131947404,128
6,10,11,1.25,92.32064350874288,384
6,10,12,1.0,69.37637548796755,512
6,10,13,1.25,91.87356354549786,384
6,10,14,1.0,103.41766776358006,256
6,10,15,1.0,68.07737452480495,512
6,10,16,0.75,30.633080503043846,896
6,10,17,1.0,34.17298256403324,768
6,10,18,1.0,38.17670580876085,768
6,10,19,0.0,23.437040676056288,1024
6,20,0,1.0,68.66961097146591,512
6,20,1,1.0,35.914457582252425,768
6,20,2,0.75,43.3798695750916,128
6,20,3,1.0,103.11972150050488,256
6,20,4,1.25,92.20466676726072,384
6,20,5,1.25,92.12922442575658,384
6,20,6,1.0,39.57360027268445,768
6,20,7,0.75,42.49995141086429,128
6,20,8,0.75,26.20462235952117,896
6,20,9,0.5,25.78402265776356,960
6,20,10,1.25,48.819305742941665,640
6,20,11,0.75,29.25407782452056,896
6,20,12,1.0,68.13661097534381,512
6,20,13,1.25,90.84840305325851,384
6,20,14,1.0,103.32779802794474,256
6,20,15,1.0,67.75560352135439,512
6,20,16,1.0,67.32978774610817,512
6,20,17,1.0,39.8001218721857,768
6,20,18,1.4375,51.58715561906523,608
6,20,19,1.0,38.0777324231561,768
6,30,0,1.25,49.6895003892491,640
6,30,1,1.0,39.30233529117374,768
6,30,2,1.0,38.83796590657067,768
6,30,3,1.0,65.07390627869518,512
6,30,4,0.5,17.60422790336997,64
6,30,5,1.25,95.05201455963972,384
6,30,6,1.0,68.36361579470987,512
6,30,7,1.0,37.7479799776026,768
6,30,8,1.0,69.82826530677323,512
6,30,9,1.25,92.94473211066295,384
6,30,10,0.75,43.4461038088757,128
6,30,11,1.0,31.745220850777578,832
6,30,12,1.25,92.27075246202892,384
6,30,13,1.0,36.25290417562539,832
6,30,14,1.0,67.75515459135634,512
6,30,15,1.0,40.108371548611444,768
6,30,16,1.25,48.66438232217675,640
6,30,17,0.875,27.601345992483186,896
6,30,18,1.5,52.83306345273495,576
6,30,19,1.25,93.06348721156895,384
6,40,0,0.75,43.54829008953865,128
6,40,1,1.0,102.89923432252579,256
6,40,2,1.0,35.97177040949404,768
6,40,3,1.0,68.41236248129165,512
6,40,4,0.0,26.48211673528116,1024
6,40,5,0.9375,54.270431514500316,160
6,40,6,0.0,24.715496076699313,1024
6,40,7,1.0,103.49635228163805,256
6,40,8,1.0,102.89053668103963,256
6,40,9,1.0,103.3755914687694,256
6,40,10,0.75,26.036730672496397,896
6,40,11,0.75,43.2091829129686,128
6,40,12,1.25,75.87544400939119,448
6,40,13,1.0,68.15594797395494,512
6,40,14,1.0,70.03193687430522,512
6,40,15,1.0,40.08532107162521,768
6,40,16,1.0,37.45543058948946,768
6,40,17,1.0,68.03514051256087,512
6,40,18,0.75,42.94699301616539,128
6,40,19,0.5,23.391657848201216,960
6,50,0,1.0,102.55991799459618,256
6,50,1,1.0,70.01299749652264,512
6,50,2,1.0,103.18663833545685,256
6,50,3,0.75,30.10363515861104,896
6,50,4,0.0,19.92311659960376,1024
6,50,5,1.0,36.51207947445914,768
6,50,6,0.75,24.44422053631989,896
6,50,7,1.25,42.75923790297168,704
6,50,8,1.5,56.30157189903254,576
6,50,9,1.25,91.11113319824602,384
6,50,10,1.0,69.251257715791,512
6,50,11,1.0,103.32438929366012,256
6,50,12,1.3125,52.499858881396264,592
6,50,13,1.0,37.87627925009061,768
6,50,14,1.0,66.87630903903573,512
6,50,15,1.0,67.83552543575017,512
6,50,16,1.0,37.49710047908213,768
6,50,17,0.0,19.811077053498185,1024
6,50,18,1.0625,84.34886607890303,224
6,50,19,1.0,70.74150064221038,512
6,60,0,1.0,104.30340508698231,256
6,60,1,1.25,77.91767285507814,448
6,60,2,1.5625,66.20598736055291,480
6,60,3,1.0,69.551622911675,192
6,60,4,1.0,103.08093201631517,256
6,60,5,1.0,68.91105356639913,192
6,60,6,1.0,35.84481630176922,768
6,60,7,0.75,28.253181422144273,896
6,60,8,1.0,69.26609200109388,192
6,60,9,1.0,103.64720752681728,256
6,60,10,1.0,102.41186402173426,256
6,60,11,0.75,26.520638638703467,896
6,60,12,0.75,43.090429497600084,128
6,60,13,1.5625,53.669161580519116,544
6,60,14,1.0,69.29353136113457,512
6,60,15,1.0,37.65599044753293,768
6,60,16,1.25,49.00065020738673,640
6,60,17,0.9375,28.599263130370804,864
6,60,18,0.75,26.619437855615843,896
6,60,19,0.75,28.37443601237491,896
6,70,0,1.25,50.402326826593495,640
6,70,1,1.25,93.22205107263117,384
6,70,2,1.25,91.7292976535003,384
6,70,3,1.0,69.93257618712349,512
6,70,4,1.25,44.929832350500874,640
6,70,5,0.75,43.376385519316344,128
6,70,6,0.75,28.12086967630751,896
6,70,7,1.25,46.7195345829845,640
6,70,8,1.0,69.14774110992772,192
6,70,9,1.25,49.87961599646984,640
6,70,10,1.5,86.59958841193358,384
6,70,11,1.0,30.279299947773925,832
6,70,12,1.0,31.758421337306757,832
6,70,13,1.0,66.26551449751972,512
6,70,14,0.75,43.38812205227473,128
6,70,15,1.25,38.18579429796617,704
6,70,16,1.25,111.89869010654863,320
6,70,17,1.0,36.1342096247499,768
6,70,18,1.5,61.51166044355038,512
6,70,19,1.25,77.59203248043013,448
6,80,0,0.3125,6.648789413374697,32
6,80,1,1.0,70.67043283400002,512
6,80,2,1.4375,95.84795256920042,352
6,80,3,0.75,27.714524500354063,896
6,80,4,0.75,27.621951914547132,896
6,80,5,1.0,66.49289985360915,512
6,80,6,1.0,35.987774823762834,768
6,80,7,1.0,38.33283615380153,768
6,80,8,1.25,111.76571034374764,320
6,80,9,1.5,64.27875717432839,512
6,80,10,0.6875,22.95300440691993,928
6,80,11,0.9375,30.639489380671797,864
6,80,12,1.75,88.91714537311506,384
6,80,13,0.0,0.0,0
6,80,14,1.4375,58.01730493687004,544
6,80,15,1.0,71.5527517269384,512
6,80,16,1.0,103.07317976655224,256
6,80,17,1.0,69.05401874428676,192
6,80,18,1.5625,57.582537691514915,560
6,80,19,1.0,34.34367829663877,768
6,90,0,1.0,36.35096555865851,768
6,90,1,0.5,27.349405514860027,960
6,90,2,0.75,43.04888147065616,128
6,90,3,1.0,38.99764770178453,768
6,90,4,1.0,33.797404667293456,768
6,90,5,1.25,92.29797330858645,384
6,90,6,0.75,27.988610299148228,896
6,90,7,0.6875,28.38959920899855,96
6,90,8,1.0,29.601444457048306,832
6,90,9,1.0,69.34321086374172,192
6,90,10,1.0,103.95984049268966,256
6,90,11,0.0,0.0,0
6,90,12,1.25,41.764421203778845,704
6,90,13,1.4375,97.3787811932594,352
6,90,14,1.25,93.09307846943412,384
6,90,15,0.6875,28.133129899050225,96
6,90,16,0.75,43.48650410396739,128
6,90,17,1.25,94.31594139088327,256
6,90,18,1.0,31.9748645743935,832
6,90,19,1.0,35.84838404134431,768
6,100,0,0.0,0.0,0
6,100,1,1.0,70.24880339867914,512
6,100,2,0.75,30.160824474045274,896
6,100,3,1.0,103.4578784325332,256
6,100,4,1.25,45.75929796000986,640
6,100,5,1.0,35.06126760376913,768
6,100,6,1.0,68.93168604909357,512
6,100,7,0.0,0.0,0
6,100,8,1.0,68.53407801940241,512
6,100,9,1.0,103.69398798659007,256
6,100,10,1.375,104.3628895284631,336
6,100,11,1.0,32.17222873915517,832
6,100,12,0.5,26.56562787932144,960
6,100,13,1.0,29.045063425424086,832
6,100,14,1.25,40.8672819899392,704
6,100,15,1.0,103.34831034665297,256
6,100,16,0.0,24.24340422185183,1024
6,100,17,0.0,0.0,0
6,100,18,1.0,34.425320424421116,768
6,100,19,0.6875,29.44355525698096,928
7,10,0,1.0,103.93148124611842,256
7,10,1,1.0,67.08622184141993,512
7,10,2,1.0,65.22307478073662,512
7,10,3,1.0,103.0477008673034,256
7,10,4,1.25,46.39026616817749,640
7,10,5,1.0,38.26258755181547,768
7,10,6,1.0,102.89698040833102,256
7,10,7,1.0,104.36342250606677,256
7,10,8,1.0,69.97241487520645,512
7,10,9,1.0,72.63694590645228,512
7,10,10,1.0,67.05783956135016,512
7,10,11,1.0,36.752062356865096,768
7,10,12,1.25,48.15925173530324,640
7,10,13,1.0,102.94519954688569,256
7,10,14,1.25,48.734326027091726,640
7,10,15,0.75,43.123565130804245,128
7,10,16,1.0,66.30708981893098,512
7,10,17,1.0,35.78031651052504,768
7,10,18,1.0,34.661827766398474,768
7,10,19,0.75,33.90721796373333,896
7,20,0,1.0,102.50937869448565,256
7,20,1,0.5,25.21593895025187,960
7,20,2,0.0,0.0,0
7,20,3,1.0,36.93438558215399,768
7,20,4,1.0,66.7365886525015,512
7,20,5,1.25,41.944443239438336,704
7,20,6,1.0,70.01072196399687,192
7,20,7,1.0,66.33576579250106,512
7,20,8,1.3125,46.68022028631792,672
7,20,9,1.0,35.107818407579146,768
7,20,10,1.0,35.88499957773231,768
7,20,11,0.75,25.814172511862587,896
7,20,12,0.75,28.932050976517278,896
7,20,13,1.0,70.6064962908845,512
7,20,14,1.0,103.27173334634183,256
7,20,15,0.75,43.03731115342216,128
7,20,16,1.0,103.43690168292514,256
7,20,17,1.25,112.12023838621464,320
7,20,18,1.0,69.02535708402277,512
7,20,19,1.0,40.26268095061586,768
7,30,0,1.25,45.54758576681907,640
7,30,1,1.0,65.84212693878041,512
7,30,2,1.0,32.18541161927759,832
7,30,3,1.5,52.73618080190198,576
7,30,4,1.0,69.99654135398329,512
7,30,5,1.0,38.79383285779683,768
7,30,6,0.5,16.8236153911711,64
7,30,7,1.0,69.6824573296738,512
7,30,8,1.25,93.29539502926096,384
7,30,9,1.25,48.003245411601654,640
7,30,10,0.75,42.644502017009046,128
7,30,11,1.0,41.1365200509361,768
7,30,12,1.25,91.65108271955725,384
7,30,13,1.0,69.04648917431898,192
7,30,14,1.0,102.49147487079098,256
7,30,15,1.0,67.68618502978129,512
7,30,16,1.0,69.2262188057004,512
7,30,17,1.0,67.47037863008612,512
7,30,18,1.0,103.76805841464297,256
7,30,19,1.0,69.23541612428735,192
7,40,0,1.375,46.73840967939543,656
7,40,1,1.3125,43.18744809085689,672
7,40,2,1.0,102.99768787149529,256
7,40,3,1.0,34.51706490997006,768
7,40,4,0.75,43.626782953623376,128
7,40,5,1.0,103.40674879155043,256
7,40,6,1.0,103.6348188699472,256
7,40,7,1.0,68.834618763616,512
7,40,8,1.0,66.09030626782909,512
7,40,9,0.75,43.57276107849674,128
7,40,10,0.75,27.40483780971624,896
7,40,11,1.25,49.01617333043744,640
7,40,12,1.0,72.5775735093435,512
7,40,13,1.25,91.69721644462929,384
7,40,14,1.0,68.6015107465073,512
7,40,15,1.25,91.89061773817431,384
7,40,16,1.0,103.60696274394907,256
7,40,17,0.5,17.466273464832206,64
7,40,18,0.75,43.27800659032752,128
7,40,19,1.0,103.59141834894851,256
7,50,0,0.75,43.30774142906156,128
7,50,1,1.0,36.387498561962786,768
7,50,2,1.0,38.98226794950204,768
7,50,3,1.25,91.95069064938589,384
7,50,4,1.0,69.59750494511721,512
7,50,5,1.0,69.66288538220758,192
7,50,6,1.3125,84.32287127901807,240
7,50,7,1.0,103.71266058357973,256
7,50,8,1.0,68.57078614844751,512
7,50,9,0.3125,6.670757591920864,32
7,50,10,1.0,35.71507572196687,768
7,50,11,0.5,25.157333849085653,960
7,50,12,0.5,17.632064998244655,64
7,50,13,1.0,68.1995884988355,512
7,50,14,1.25,92.30217742557194,384
7,50,15,0.75,43.62830211660446,128
7,50,16,1.0,67.62508795904853,512
7,50,17,0.5,26.46018912229509,960
7,50,18,0.75,28.6617472495284,896
7,50,19,1.0,68.64501706548697,512
7,60,0,1.0,67.33971467056895,512
7,60,1,0.75,25.599949955994767,896
7,60,2,0.6875,27.41685696396499,928
7,60,3,1.0,36.17482032121656,768
7,60,4,1.0,103.55255159266737,256
7,60,5,0.0,23.27653753797134,1024
7,60,6,1.25,92.33599529934251,384
7,60,7,0.0,0.0,0
7,60,8,1.0,67.25440440409398,512
7,60,9,0.75,24.211373939143833,896
7,60,10,0.6875,28.41515964277506,96
7,60,11,1.0,32.385201453478665,832
7,60,12,1.0,68.9359467204999,512
7,60,13,0.5,23.412984391485864,960
7,60,14,1.0,35.51482961540613,768
7,60,15,1.25,43.816437773916135,640
7,60,16,1.0,103.63728896547111,256
7,60,17,1.0,38.36269578757864,768
7,60,18,0.5,20.08324157520272,960
7,60,19,1.0,68.33424395207331,192
7,70,0,1.0,33.51879715743375,768
7,70,1,1.0,69.66937635145618,192
7,70,2,1.0,103.36911780991625,256
7,70,3,1.0,69.63936195019824,512
7,70,4,1.5,87.66966386571553,384
7,70,5,1.0,34.75353143327925,768
7,70,6,1.0,103.67203796558138,256
7,70,7,1.0,36.96422736862512,768
7,70,8,1.25,92.18106675331067,384
7,70,9,1.0,35.74466604082534,768
7,70,10,1.0,69.28678333007527,512
7,70,11,1.25,47.07397016626858,640
7,70,12,1.5625,56.58383949093981,544
7,70,13,1.0,36.30329308969685,768
7,70,14,1.0,68.95382032614194,192
7,70,15,1.0,102.84170350484034,256
7,70,16,1.0,36.43474642496581,768
7,70,17,1.5,72.6679475670378,448
7,70,18,1.0,70.66856844006567,512
7,70,19,1.25,92.1311469624511,384
7,80,0,0.265625,4.03669377771665,24
7,80,1,1.25,93.64089276535444,384
7,80,2,0.75,26.909644706163128,896
7,80,3,1.0,71.17109379463454,512
7,80,4,1.375,42.52124753364613,736
7,80,5,1.0,28.188715640404038,832
7,80,6,0.5,17.389756851485796,64
7,80,7,0.75,43.312746248758934,128
7,80,8,1.0,35.5930267832666,768
7,80,9,1.234375,73.76146302421745,472
7,80,10,1.0,103.20966395206779,256
7,80,11,1.5,74.69015263768046,448
7,80,12,1.0,34.29843760745564,832
7,80,13,1.25,44.749935562804964,640
7,80,14,0.0,0.0,0
7,80,15,1.0,38.0445649323553,768
7,80,16,1.0,103.68134114775857,256
7,80,17,0.75,43.49468742810657,128
7,80,18,0.75,43.49111200107484,128
7,80,19,0.6875,28.115943728605533,96
7,90,0,1.0,31.92151036510518,832
7,90,1,1.0,103.77151541293053,256
7,90,2,1.5,95.58856183458315,352
7,90,3,1.0,103.40165939905813,256
7,90,4,1.0,35.42805999006511,768
7,90,5,1.0,103.00746542132583,256
7,90,6,0.0,0.0,0
7,90,7,0.75,43.071551633649776,128
7,90,8,0.75,43.03041682265011,128
7,90,9,1.0,69.25023929898613,192
7,90,10,1.015625,56.1027911001998,168
7,90,11,1.25,92.39956086038819,384
7,90,12,1.25,111.78829742700331,320
7,90,13,0.5,24.279381145480677,960
7,90,14,0.6875,28.0245867750967,96
7,90,15,0.5,17.41803148244415,64
7,90,16,0.75,26.655591852325134,896
7,90,17,1.5,72.34691153008765,448
7,90,18,1.0,70.44495796570128,512
7,90,19,1.5,73.14220349650137,448
7,100,0,1.25,46.75431265690611,640
7,100,1,1.5625,66.9477445568659,480
7,100,2,1.0,39.4431541513553,768
7,100,3,1.3125,51.37286138370838,608
7,100,4,1.25,49.96934838346965,640
7,100,5,0.75,43.341830635430796,128
7,100,6,1.0,103.32118613454205,256
7,100,7,1.0,69.38952452565826,512
7,100,8,0.4375,22.188430852310628,976
7,100,9,1.0,66.40038126356173,512
7,100,10,1.25,93.6271154838665,384
7,100,11,0.5,17.657465268719267,64
7,100,12,1.25,77.04602783164042,448
7,100,13,1.0,34.60447196757367,768
7,100,14,0.0,24.3460993135443,1024
7,100,15,1.5,76.5525777468449,448
7,100,16,1.25,56.62042751339152,576
7,100,17,1.25,52.74189309195188,576
7,100,18,1.25,49.97965051055584,640
7,100,19,1.0,71.79720468638664,512
8,10,0,1.0,68.65455093035976,512
8,10,1,1.0,103.05902573761973,256
8,10,2,1.0,102.37764874594811,256
8,10,3,1.0,103.46673371611423,256
8,10,4,1.0,103.54606618718357,256
8,10,5,1.5625,63.23860854471515,480
8,10,6,1.0,104.14306760203202,256
8,10,7,1.0,36.07816461034609,768
8,10,8,1.0,68.78597554830118,512
8,10,9,1.0,36.72042158448732,768
8,10,10,1.0,102.91221454590935,256
8,10,11,1.0,69.0928855728584,512
8,10,12,0.75,29.00608820320871,896
8,10,13,0.9375,53.82867698639581,160
8,10,14,1.0,102.74911763537102,256
8,10,15,1.5,55.51331182609874,576
8,10,16,1.0,72.11039487298333,512
8,10,17,1.0,70.66710967652307,512
8,10,18,1.0,37.10326187706275,768
8,10,19,1.0,102.80448515400386,256
8,20,0,1.0,36.33885788333156,768
8,20,1,1.0,67.69949562538116,512
8,20,2,1.0,34.35116509716615,768
8,20,3,1.0,64.7062848188834,512
8,20,4,0.5,22.18867895872572,960
8,20,5,1.0,68.09704624021559,512
8,20,6,1.4375,98.79295026113505,352
8,20,7,1.0,69.66772321073375,192
8,20,8,1.25,90.7850327878979,384
8,20,9,1.25,56.96807192901116,576
8,20,10,0.75,43.353623545157944,128
8,20,11,1.0,103.58402752156209,256
8,20,12,0.75,43.110117002662065,128
8,20,13,0.75,28.038249918388402,896
8,20,14,1.0,68.65886228368343,512
8,20,15,1.0,103.01644100990029,256
8,20,16,1.0,68.69895738581155,512
8,20,17,1.0,69.92982522337104,512
8,20,18,0.5,27.316849595550853,960
8,20,19,1.0,66.06060433285586,512
8,30,0,1.0,36.21469744129605,768
8,30,1,1.0,67.66611069183008,512
8,30,2,1.25,92.63974851209153,384
8,30,3,1.25,48.939414498493974,640
8,30,4,1.25,92.71898056124354,384
8,30,5,1.0,37.430704780922156,768
8,30,6,1.25,93.60895872715933,384
8,30,7,1.0,38.53051971403049,768
8,30,8,1.0,70.06832441742046,512
8,30,9,1.25,46.89837064032387,640
8,30,10,1.0,38.55395234172899,768
8,30,11,1.5,64.90490742880493,512
8,30,12,1.0,34.68520186912228,768
8,30,13,1.0,67.50092394371408,512
8,30,14,1.0,102.8008896731435,256
8,30,15,1.25,92.84860811094052,384
8,30,16,0.75,30.235088235933596,896
8,30,17,1.0,35.03929484367771,768
8,30,18,1.25,93.22279103254272,384
8,30,19,1.0,66.48367120430106,512
8,40,0,1.0,37.73554041058439,768
8,40,1,0.75,26.214523342257728,896
8,40,2,1.0,67.06545417176977,512
8,40,3,0.75,43.210237071331925,128
8,40,4,1.0,69.29937475301213,512
8,40,5,1.0,68.77910728087481,512
8,40,6,1.0,70.2543950543987,512
8,40,7,1.0,37.251849358776866,768
8,40,8,0.9375,28.212730080645557,864
8,40,9,1.0,68.68515418239934,512
8,40,10,1.0,36.02199333888393,768
8,40,11,1.25,110.86838639892665,320
8,40,12,1.0,69.99223918928631,512
8,40,13,1.0,69.27245725434487,512
8,40,14,1.25,47.38234467927935,640
8,40,15,1.0,104.00511956204795,256
8,40,16,1.0,69.90420595882443,512
8,40,17,1.0,37.75194881923979,768
8,40,18,0.75,43.66392775361369,128
8,40,19,1.5,86.49786915454523,384
8,50,0,1.25,94.06952752387276,384
8,50,1,1.0,70.14980571711517,512
8,50,2,1.25,41.512252686430614,704
8,50,3,1.25,47.157769708169404,640
8,50,4,1.0,72.53975921882474,512
8,50,5,0.109375,23.714431676162274,1016
8,50,6,1.0,69.92658707830577,192
8,50,7,1.0625,34.001191905894146,800
8,50,8,1.25,92.88739868056922,384
8,50,9,1.0,103.43271732450324,256
8,50,10,1.0,102.98576471347897,256
8,50,11,0.75,43.24055500241059,128
8,50,12,1.25,90.78544924656029,384
8,50,13,1.0,67.2259571170318,512
8,50,14,1.0,103.51707683423567,256
8,50,15,1.0,69.3535206381899,512
8,50,16,0.75,42.94647332213823,128
8,50,17,1.25,93.54548853558919,384
8,50,18,1.1875,59.72515230370419,544
8,50,19,1.25,48.59136478280499,640
8,60,0,1.0,67.68884589325742,512
8,60,1,1.0,35.800522076389775,768
8,60,2,1.25,45.50339338786257,640
8,60,3,1.0,69.74221446907987,512
8,60,4,1.25,45.387740123121134,640
8,60,5,1.1875,34.82438765678039,800
8,60,6,1.0,37.5283834188285,768
8,60,7,1.0,67.45692902259076,512
8,60,8,1.0,68.6074584630285,512
8,60,9,1.0,69.73388807614882,512
8,60,10,0.5,17.390100408339645,64
8,60,11,0.75,43.59998058292905,128
8,60,12,1.0,103.29090431971001,256
8,60,13,0.9375,53.851895020467566,160
8,60,14,1.625,85.30763743912945,384
8,60,15,1.0,71.37607110016438,512
8,60,16,1.0,102.76907076074605,256
8,60,17,0.75,43.66047044432649,128
8,60,18,1.0,69.20043667842775,192
8,60,19,1.0,34.302930440372855,768
8,70,0,1.25,47.61010852572113,640
8,70,1,0.0,0.0,0
8,70,2,1.25,93.49390482144759,384
8,70,3,1.0,32.17828098365413,832
8,70,4,0.75,42.62348922874983,128
8,70,5,0.0,0.0,0
8,70,6,1.0,38.48434778823026,768
8,70,7,1.0,102.49489649585686,256
8,70,8,1.5,54.18741561089958,576
8,70,9,0.75,43.5953198723798,128
8,70,10,1.0625,34.33001592114178,800
8,70,11,0.75,42.35703824927313,128
8,70,12,1.25,92.11353860359895,384
8,70,13,1.0,31.670903607779234,832
8,70,14,1.0,37.875870459849935,768
8,70,15,1.0,35.910576169587294,768
8,70,16,1.25,47.92290035808472,640
8,70,17,1.0,67.3145699653058,512
8,70,18,1.0,68.18358754221083,512
8,70,19,1.0,33.87797339850181,768
8,80,0,1.25,76.22574419078936,448
8,80,1,1.5,54.8618121701695,576
8,80,2,0.0,16.596271908162837,1024
8,80,3,0.0,0.0,0
8,80,4,1.25,78.80961897404273,448
8,80,5,0.0,0.0,0
8,80,6,1.1875,72.75472922400483,480
8,80,7,1.0,67.54397272922836,512
8,80,8,0.0,0.0,0
8,80,9,1.0,33.86719043225471,832
8,80,10,0.5,25.994201385848694,960
8,80,11,1.0,37.929625158970666,768
8,80,12,1.0,69.53130281844868,192
8,80,13,1.0,70.20032161249387,512
8,80,14,1.0,69.65323339713066,512
8,80,15,0.75,43.68165284615701,128
8,80,16,0.0,23.882228400455325,1024
8,80,17,1.25,47.69929547896324,640
8,80,18,1.0,30.670426663970623,832
8,80,19,0.75,42.73033504578183,128
8,90,0,1.3125,99.49791455301767,352
8,90,1,1.0,69.81038378672484,512
8,90,2,1.25,48.44478956498512,640
8,90,3,1.0,30.520232658607902,832
8,90,4,1.1875,61.22322331614984,544
8,90,5,1.4375,42.30058658339695,672
8,90,6,1.0,103.5801691576846,256
8,90,7,1.0,66.49523838552476,512
8,90,8,1.0,34.81507947224146,768
8,90,9,1.5,43.0510257481994,640
8,90,10,1.0,102.97079638222277,256
8,90,11,0.75,24.01635722811093,896
8,90,12,1.0,37.94626345592833,768
8,90,13,1.5,75.57959187371324,448
8,90,14,1.5,75.50836510175556,448
8,90,15,1.0,36.41357747469421,768
8,90,16,1.25,58.75075478327368,576
8,90,17,1.0,68.53748656293493,512
8,90,18,1.5,71.4117580085587,448
8,90,19,1.25,46.50635103677753,640
8,100,0,1.0,70.15973428320089,512
8,100,1,1.0,69.99780440164602,512
8,100,2,1.25,93.44724780229679,384
8,100,3,1.25,79.29231371288199,448
8,100,4,1.0,65.44772635624959,512
8,100,5,1.25,41.88025465758919,704
8,100,6,1.0,102.56097166934126,256
8,100,7,1.25,91.45158938806824,384
8,100,8,1.5,77.76927391971428,432
8,100,9,1.0,68.99860289777253,512
8,100,10,1.0,103.50247881759472,256
8,100,11,1.0,67.79874124669706,512
8,100,12,1.5,54.760922140926795,576
8,100,13,1.0,104.09878589572875,256
8,100,14,0.0,0.0,0
8,100,15,0.0,23.406318701042952,1024
8,100,16,0.75,34.582985599450666,112
8,100,17,1.0,35.47839166508937,768
8,100,18,0.75,43.40449925146868,128
8,100,19,1.25,76.94988057936904,448
