date,pcc,spy_price
2000-03-16,0.03753262431136051,92.1879653930664
2000-03-23,0.01951392871730917,96.40882873535156
2000-03-30,0.026050187006067205,93.90242767333984
2000-04-06,0.03618261962254721,95.03720092773438
2000-04-13,0.021824203269069642,91.09996032714844
2000-04-20,0.01810411573428894,90.82365417480469
2000-04-28,0.020823974373811893,91.63277435302734
2000-05-05,0.011826412528758823,90.6460189819336
2000-05-12,0.020118486346209608,90.19208526611328
2000-05-19,0.013169417664705918,89.12637329101562
2000-05-26,0.016814161707419117,87.15278625488281
2000-06-05,0.039201253647590306,92.91565704345703
2000-06-12,0.06945980357271253,91.49468231201172
2000-06-19,0.038047437046557775,93.9850082397461
2000-06-26,0.02589059116510839,92.57059478759766
2000-07-03,0.05185581717292109,93.23330688476562
2000-07-11,0.05839867416547406,93.7872085571289
2000-07-18,0.0433529640777266,94.80598449707031
2000-07-25,0.05258859248550962,93.25310516357422
2000-08-01,0.07291605382101807,91.07705688476562
2000-08-08,0.07842251200274575,94.12350463867188
2000-08-15,0.07966767800134278,94.42020416259766
2000-08-22,0.06759796055531808,95.11260223388672
2000-08-29,0.051499806804415016,96.0918197631836
2000-09-06,0.06954153909460103,94.67745208740234
2000-09-13,0.06934193803499511,94.2520980834961
2000-09-20,0.08972575629623236,91.95040893554688
2000-09-27,0.1136436288556979,90.8497543334961
2000-10-04,0.09987821609952618,91.18689727783203
2000-10-11,0.06567577935369684,86.64537811279297
2000-10-18,0.10276290014869005,85.19764709472656
2000-10-25,0.0904897134872158,86.50655364990234
2000-11-01,0.06822388438685323,90.41342163085938
2000-11-08,0.047191715386659894,89.2037124633789
2000-11-15,0.04330113281280035,88.56906127929688
2000-11-22,0.04827284725791969,83.85895538330078
2000-11-30,0.036374232638159754,83.9482421875
2000-12-07,0.057373302450102415,84.82087707519531
2000-12-14,0.06790950791623018,85.29681396484375
2000-12-21,0.03160616871112509,80.9234390258789
2000-12-29,0.04172432624124056,83.50949096679688
2001-01-08,0.008895399618161548,82.8729248046875
2001-01-16,0.013624544810319605,84.56381225585938
2001-01-23,0.018651157230632265,86.55309295654297
2001-01-30,0.025524439604176052,87.71880340576172
2001-02-06,0.028937839745626803,86.18467712402344
2001-02-13,0.04128623451834912,84.19219207763672
2001-02-21,0.03344449682492012,79.96541595458984
2001-02-28,0.023204633244567674,78.90233612060547
2001-03-07,0.03352164418271997,80.8311538696289
2001-03-14,0.02068611326164671,74.89195251464844
2001-03-21,0.020871683971670052,71.65332794189453
2001-03-28,0.022846132877152314,73.42777252197266
2001-04-04,0.011198785316604898,70.7533187866211
2001-04-11,0.010463210499597864,74.50642395019531
2001-04-19,0.021695802039509715,80.19991302490234
2001-04-26,0.013829771489675124,78.96800994873047
2001-05-03,0.03526453893431736,79.91900634765625
2001-05-10,0.02519086374521251,80.43605041503906
2001-05-17,0.02701165746473322,82.43383026123047
2001-05-24,0.02625209133685047,82.74020385742188
2001-06-01,0.01585544329953592,80.88919067382812
2001-06-08,0.018270980306631657,81.06156921386719
2001-06-15,0.013507907923635543,77.99560546875
2001-06-22,0.0458754532190504,78.63569641113281
2001-06-29,0.031066186360064307,78.4756851196289
2001-07-09,0.055098078917215076,76.6194076538086
2001-07-16,0.026830602419291694,77.26588439941406
2001-07-23,0.013808393138237562,76.13935089111328
2001-07-30,0.023195917445455905,77.35552215576172
2001-08-06,0.04919889390998122,77.00346374511719
2001-08-13,0.05175605487976043,76.37615203857422
2001-08-20,0.04979064430253999,75.42243194580078
2001-08-27,0.02908532159264965,75.72966766357422
2001-09-04,0.014602436622872972,72.59961700439453
2001-09-17,0.009329199761886287,66.76194763183594
2001-09-24,0.018585686983751515,64.699462890625
2001-10-01,0.013435404446831,66.9931869506836
2001-10-08,0.008489520763053093,68.44520568847656
2001-10-15,0.016816786899003233,70.22496032714844
2001-10-22,0.016515883644263596,70.33415985107422
2001-10-29,0.01646685899745748,69.03633117675781
2001-11-05,0.012478118035367913,71.11158752441406
2001-11-12,0.02361567920727836,71.97895812988281
2001-11-19,0.02328763999028638,74.38188171386719
2001-11-27,0.011540026362670375,74.16339111328125
2001-12-04,0.009705023804269075,74.0734634399414
2001-12-11,0.018974668192939248,73.34102630615234
2001-12-18,0.028579521553073306,73.87431335449219
2001-12-26,0.016854301677120986,74.3733901977539
2002-01-03,0.0077494748033970495,75.32754516601562
2002-01-10,0.012965836264918096,74.83758544921875
2002-01-17,0.012124554634269202,73.28382110595703
2002-01-25,0.031058781573854333,73.20647430419922
2002-02-01,0.051242335139352946,72.62623596191406
2002-02-08,0.027981174094801275,70.97579193115234
2002-02-15,0.03905033811757619,71.4915542602539
2002-02-25,0.06731078576524041,71.85258483886719
2002-03-04,0.047408034969599555,74.62483978271484
2002-03-11,0.03750263891042849,75.58544158935547
2002-03-18,0.035201156397551614,75.43343353271484
2002-03-25,0.015483646441396104,73.45498657226562
2002-04-02,0.007020882431071129,73.6683120727539
2002-04-09,0.00462255513967591,72.50450897216797
2002-04-16,0.027311238993100062,73.18986511230469
2002-04-23,0.021914619708088168,71.4571533203125
2002-04-30,0.020941700187879775,69.73731994628906
2002-05-07,0.012270789168702834,67.95281982421875
2002-05-14,0.01050648287553102,71.26315307617188
2002-05-21,0.013883342431483925,70.2804183959961
2002-05-29,0.011977055244564383,69.37519836425781
2002-06-05,0.010195209430950314,68.28253936767578
2002-06-12,0.017460911621913766,66.32347106933594
2002-06-19,0.017387338425979948,66.28472900390625
2002-06-26,0.009808118322734316,63.40236282348633
2002-07-03,0.012414672196577214,61.968509674072266
2002-07-11,0.011261368588680654,60.255592346191406
2002-07-18,0.007671682522328638,56.96609115600586
2002-07-25,0.011585147831752352,54.50059509277344
2002-08-01,0.005785365101985462,57.60193634033203
2002-08-08,0.007514574677657038,59.00987243652344
2002-08-15,0.009380446972585332,60.66438293457031
2002-08-22,0.0070520668754241456,62.72761535644531
2002-08-29,0.006423223413346335,59.78195571899414
2002-09-06,0.011123483120137223,58.39350509643555
2002-09-13,0.02691102373240639,58.17939376831055
2002-09-20,0.020814736122527933,54.97303771972656
2002-09-27,0.023540379075551954,53.930267333984375
2002-10-04,0.010509066284441815,52.659400939941406
2002-10-11,0.002958953568178657,54.849205017089844
2002-10-18,0.004938114614851941,57.76893997192383
2002-10-25,0.005679877781432197,58.78562545776367
2002-11-01,0.01066019662759743,58.83122253417969
2002-11-08,0.011906473804611295,58.427154541015625
2002-11-15,0.01343067077999649,59.56773376464844
2002-11-22,0.011851393884743544,60.884193420410156
2002-12-02,0.00787000365117052,61.34687042236328
2002-12-09,0.013199601204682665,58.329429626464844
2002-12-16,0.010453433122037836,59.730648040771484
2002-12-23,0.007451364571004149,58.95661163330078
2002-12-31,0.02238467577570802,57.7843017578125
2003-01-08,0.014529652576001695,59.853851318359375
2003-01-15,0.018750238079448422,60.515357971191406
2003-01-23,0.002762416347469099,58.09868240356445
2003-01-30,0.0010838905140033717,55.29557418823242
2003-02-06,0.0021255623322460337,55.30868148803711
2003-02-13,0.0019252947686148048,53.93330383300781
2003-02-21,0.007567534553974298,55.7867546081543
2003-02-28,0.005344588015997687,55.6033821105957
2003-03-07,0.0007646670761261021,54.56858825683594
2003-03-14,0.0004478338032996021,55.09907913208008
2003-03-21,0.0030227527434547596,58.96418380737305
2003-03-28,0.0012355499785030588,57.01777648925781
2003-04-04,0.00032916142998118403,58.01070022583008
2003-04-11,0.0019289806707867285,57.307125091552734
2003-04-21,0.0025341128495206533,58.95101547241211
2003-04-28,0.008514239380502886,60.358219146728516
2003-05-05,0.004622196331144579,61.17363739013672
2003-05-12,0.0009824134466853707,62.39006042480469
2003-05-19,0.007695025394280464,60.923709869384766
2003-05-27,0.00664621004818855,62.7320442199707
2003-06-03,0.0038425697033730444,64.27735137939453
2003-06-10,0.024673671872058378,65.26370239257812
2003-06-17,0.027389965381573234,66.8484115600586
2003-06-24,0.009620921546837025,65.01768493652344
2003-07-01,0.007411087213764489,65.02430725097656
2003-07-09,0.009316733367050745,66.37715911865234
2003-07-16,0.01463881920441068,65.94158935546875
2003-07-23,0.0208640529465427,65.49285888671875
2003-07-30,0.017899258737450907,65.44003295898438
2003-08-06,0.019970470468500423,64.00139617919922
2003-08-13,0.010591788929996682,65.36085510253906
2003-08-20,0.01812473617535204,66.29136657714844
2003-08-27,0.014649029809834957,66.0867919921875
2003-09-04,0.008113066120785106,68.24481964111328
2003-09-11,0.010842381877392171,67.48588562011719
2003-09-18,0.014705799277013654,69.03014373779297
2003-09-25,0.011173521697518396,66.4332275390625
2003-10-02,0.010687948615718312,67.87079620361328
2003-10-09,0.015374522825329251,69.08309936523438
2003-10-16,0.025643894543836865,69.83174133300781
2003-10-23,0.023634625651588692,68.46704864501953
2003-10-30,0.016764990096682197,69.82508850097656
2003-11-06,0.009825360940030947,70.4875717163086
2003-11-13,0.009268158375093094,70.4610824584961
2003-11-20,0.01724187481587336,68.75187683105469
2003-11-28,0.025956821741747405,70.52067565917969
2003-12-05,0.027289475202532998,70.78568267822266
2003-12-12,0.006124232331153223,71.64029693603516
2003-12-19,0.016849723047801746,72.48466491699219
2003-12-29,0.017638238824492447,73.98893737792969
2004-01-06,0.03320537906172305,74.91413879394531
2004-01-13,0.028079229120958615,74.92081451416016
2004-01-21,0.051628023042873394,76.61141967773438
2004-01-28,0.03857312611496866,75.45992279052734
2004-02-04,0.036800927488659596,75.11380004882812
2004-02-11,0.056707105649195455,77.25708770751953
2004-02-19,0.027014045983833057,76.69796752929688
2004-02-26,0.03949942637270354,76.50495910644531
2004-03-04,0.037720476018805016,77.20381164550781
2004-03-11,0.03989462337924721,73.9623031616211
2004-03-18,0.024617017264016994,75.26024627685547
2004-03-25,0.025043381535979847,74.1414566040039
2004-04-01,0.021886065032663993,75.9983139038086
2004-04-08,0.021641526282945023,76.39239501953125
2004-04-16,0.006055635244997859,76.03170776367188
2004-04-23,0.01974009973956825,76.38573455810547
2004-04-30,0.010659945759282863,74.11471557617188
2004-05-07,0.016211705931507225,73.4468002319336
2004-05-14,0.009308636555058314,73.50023651123047
2004-05-21,0.0031352699294835418,73.34662628173828
2004-05-28,0.011190683315188465,75.38385009765625
2004-06-07,0.014555340715141085,76.61283111572266
2004-06-15,0.015670973594080095,76.1585922241211
2004-06-22,0.021017519379725513,76.26901245117188
2004-06-29,0.0077700252054171415,76.3696060180664
2004-07-07,0.015968326070790795,75.22994232177734
2004-07-14,0.04499414854310757,74.76068878173828
2004-07-21,0.02932306581426758,73.46012878417969
2004-07-28,0.038905449831318606,73.80875396728516
2004-08-04,0.022291388758308273,73.87579345703125
2004-08-11,0.013973194845707582,72.50821685791016
2004-08-18,0.02366061213321302,73.7618179321289
2004-08-25,0.03028913368022046,74.47913360595703
2004-09-01,0.029050344406879702,74.62661743164062
2004-09-09,0.01005752335175103,75.40425109863281
2004-09-16,0.02118351335269608,75.8466796875
2004-09-23,0.00988467151587713,74.68817138671875
2004-09-30,0.01827791729538575,75.23342895507812
2004-10-07,0.007373473333650793,76.37110137939453
2004-10-14,0.004607712580600776,74.47948455810547
2004-10-21,0.029971601907764267,74.88336944580078
2004-10-28,0.02175348325911486,76.21624755859375
2004-11-04,0.023643185825196866,78.45793914794922
2004-11-11,0.017206853937434374,79.33975982666016
2004-11-18,0.0147331846906269,80.1690673828125
2004-11-26,0.021370466683354294,79.9057388305664
2004-12-03,0.016765823039360583,80.51336669921875
2004-12-10,0.0144110509041262,80.56739807128906
2004-12-17,0.018977716776561238,81.02259826660156
2004-12-27,0.01985128612019338,81.75523376464844
2005-01-03,0.024407387599843844,81.60595703125
2005-01-10,0.01784955440461644,80.7240982055664
2005-01-18,0.022874846783818015,81.04296112060547
2005-01-25,0.018543276195931213,79.28604888916016
2005-02-01,0.02981770349519053,80.6630630493164
2005-02-08,0.035131972170628245,81.54495239257812
2005-02-15,0.03186057327956249,82.16902160644531
2005-02-23,0.02432117400498157,81.02935028076172
2005-03-02,0.011767920081258154,82.1961669921875
2005-03-09,0.01948692056942747,82.06047821044922
2005-03-16,0.011907060207519748,80.8055419921875
2005-03-23,0.015349747726904894,79.67918395996094
2005-03-31,0.010354833583615886,80.33294677734375
2005-04-07,0.011433697141828958,81.20462036132812
2005-04-14,0.020638572169339398,78.84151458740234
2005-04-21,0.0030983506039632402,79.00494384765625
2005-04-28,0.004415365750137568,77.7723159790039
2005-05-05,0.012740465067235363,79.99243927001953
2005-05-12,0.014277461046358297,78.96408081054688
2005-05-19,0.009258263786648513,81.23870086669922
2005-05-26,0.007888005121866826,81.75623321533203
2005-06-03,0.009175491820645476,81.82437133789062
2005-06-10,0.002160740236679004,81.8584213256836
2005-06-17,0.006295022592063049,82.98200988769531
2005-06-24,0.013039725039760697,81.3546142578125
2005-07-01,0.008110248820855759,81.73065948486328
2005-07-11,0.008116820981012296,83.37859344482422
2005-07-18,0.00801819193126363,83.65889739990234
2005-07-25,0.011163950378300314,84.2332763671875
2005-08-01,0.03228270839493774,84.54780578613281
2005-08-08,0.021869096840802627,83.86404418945312
2005-08-15,0.026421997545220677,84.66403198242188
2005-08-22,0.04625122555832206,83.74095916748047
2005-08-29,0.02380860335196644,83.20762634277344
2005-09-06,0.02416435909311687,84.58197784423828
2005-09-13,0.01447713499020864,84.5546646118164
2005-09-20,0.025075839325555904,83.80899810791016
2005-09-27,0.021932250724791658,83.4657211303711
2005-10-04,0.026680917318302022,83.23907470703125
2005-10-11,0.012418237403487353,81.32324981689453
2005-10-18,0.01564406826602749,80.90436553955078
2005-10-25,0.010168884757391083,82.20907592773438
2005-11-01,0.012217656621917428,82.73779296875
2005-11-08,0.016998682315048086,83.93263244628906
2005-11-15,0.014202311445657756,84.62616729736328
2005-11-22,0.017180164184736668,86.7274398803711
2005-11-30,0.01153467000052899,86.11626434326172
2005-12-07,0.019584522857812203,86.5763168334961
2005-12-14,0.017178812382667275,87.76426696777344
2005-12-21,0.05984279556895444,87.00072479248047
2005-12-29,0.059556294850892755,86.42086791992188
2006-01-06,0.08900951584917394,88.66441345214844
2006-01-13,0.058801847390455464,88.83008575439453
2006-01-23,0.035296120793521624,87.2699966430664
2006-01-30,0.0625732129205403,88.66441345214844
2006-02-06,0.0161269325290192,87.39421081542969
2006-02-13,0.032291964144977925,87.26309967041016
2006-02-21,0.034472607082562945,88.69895935058594
2006-02-28,0.03512074414755162,88.51946258544922
2006-03-07,0.024915522363762932,88.33995819091797
2006-03-14,0.021336810685674834,89.8655776977539
2006-03-21,0.01331344866798645,89.81401062011719
2006-03-28,0.01970285638680025,89.55758666992188
2006-04-04,0.030940800263401513,90.48631286621094
2006-04-11,0.026505092412612896,89.15560913085938
2006-04-19,0.016056559952598803,90.75662231445312
2006-04-26,0.017055692873512385,90.37541961669922
2006-05-03,0.01496368813545601,90.71498107910156
2006-05-10,0.027264073279624768,91.86548614501953
2006-05-17,0.02533733095063795,87.91504669189453
2006-05-24,0.01196025220504282,87.44376373291016
2006-06-01,0.011974889371892061,89.21800994873047
2006-06-08,0.020951627064860645,87.15267181396484
2006-06-15,0.01769210937809973,87.4090805053711
2006-06-22,0.027153213981893742,86.63987731933594
2006-06-29,0.01704627949812476,88.59599304199219
2006-07-07,0.007966991526931366,88.1365737915039
2006-07-14,0.009463272546518908,85.98555755615234
2006-07-21,0.004136881469435139,86.2848892211914
2006-07-28,0.010075233947478779,89.09027862548828
2006-08-04,0.01324232230671285,89.243408203125
2006-08-11,0.01790905026395606,88.41500854492188
2006-08-18,0.018737723109506277,90.97674560546875
2006-08-25,0.002903152164435596,90.3641586303711
2006-09-01,0.00017431530366707193,91.48489379882812
2006-09-11,0.0015614145930982204,90.7818603515625
2006-09-18,0.003064341136330029,92.39069366455078
2006-09-25,0.00617238408195675,92.62841796875
2006-10-02,0.03604170325926859,93.04792022705078
2006-10-09,0.03372935612037509,94.45327758789062
2006-10-16,0.030960084552724254,95.6768798828125
2006-10-23,0.03371657825091745,96.11734008789062
2006-10-30,0.02246491953314944,96.35511779785156
2006-11-06,0.016747788284405374,96.54388427734375
2006-11-13,0.02973947152132439,96.8934555053711
2006-11-20,0.06220313173772141,98.23590850830078
2006-11-28,0.047803122177175084,97.20111083984375
2006-12-05,0.040200275175294564,99.21472930908203
2006-12-12,0.05535806836350332,99.08889770507812
2006-12-19,0.056237816683520236,99.9925537109375
2006-12-27,0.051027570450600024,100.19642639160156
2007-01-05,0.040863356418160635,98.81135559082031
2007-01-12,0.04475585125969772,100.70973205566406
2007-01-22,0.042636024186297306,100.10502624511719
2007-01-29,0.05639677484040817,99.87303924560547
2007-02-05,0.032431156827300356,101.84163665771484
2007-02-12,0.020591966682630414,100.85733032226562
2007-02-20,0.02102545068805739,102.67833709716797
2007-02-27,0.02826028760418353,98.0801010131836
2007-03-06,0.008236378049957693,98.22075653076172
2007-03-13,0.006002972680555274,97.20130920410156
2007-03-20,0.005579793123171584,99.50678253173828
2007-03-27,0.005517289501725031,100.84089660644531
2007-04-03,0.009451410351530853,101.42677307128906
2007-04-11,0.0007375285337225534,101.65971374511719
2007-04-18,0.006793003987834112,103.9538345336914
2007-04-25,0.012940997453480207,105.51376342773438
2007-05-02,0.010167704848090153,105.55608367919922
2007-05-09,0.0151374970860374,106.69963073730469
2007-05-16,0.011619433200760199,107.01019287109375
2007-05-23,0.008462522152516527,107.6031494140625
2007-05-31,0.020161786106701385,108.22433471679688
2007-06-07,0.030777426754792003,105.24557495117188
2007-06-14,0.027806947316729946,107.8996353149414
2007-06-21,0.010659936645978974,107.7408676147461
2007-06-28,0.0153507515139637,106.6065902709961
2007-07-06,0.006174648269652749,108.44976043701172
2007-07-13,0.0016325461076327485,109.77542877197266
2007-07-20,0.003779358373357411,108.8183822631836
2007-07-27,0.014670586590458612,102.87055206298828
2007-08-03,0.01237554798728624,101.94190979003906
2007-08-10,0.007048371866993364,102.58700561523438
2007-08-17,0.012867130892846745,102.58700561523438
2007-08-24,0.011541170947655388,105.15327453613281
2007-08-31,0.01673623132697699,104.62871551513672
2007-09-10,0.009472122807732575,103.3526611328125
2007-09-17,0.0045512573725048355,104.99020385742188
2007-09-24,0.004873764670190184,108.04533386230469
2007-10-01,0.007567646349283308,109.90443420410156
2007-10-08,0.009823620285573043,110.41725158691406
2007-10-15,0.012853861230983199,110.4101333618164
2007-10-22,0.010248619571303408,107.22628784179688
2007-10-29,0.02661828394012744,109.7833023071289
2007-11-05,0.0031574767690152328,106.87725067138672
2007-11-12,0.001592958539742284,102.35430908203125
2007-11-19,0.0028772278300266407,102.39703369140625
2007-11-27,0.0014247817847028443,101.54943084716797
2007-12-04,0.00884019260177027,104.24894714355469
2007-12-11,0.013283638049454538,105.35297393798828
2007-12-18,0.010203648038125124,103.9070816040039
2007-12-26,0.013002020705343398,107.08647918701172
2008-01-03,0.01184573325394922,103.7281494140625
2008-01-10,0.015159769099060583,101.17182159423828
2008-01-17,0.011352372395080579,95.5435791015625
2008-01-25,0.012680090756848728,95.26434326171875
2008-02-01,0.02288022755404029,99.94735717773438
2008-02-08,0.016840547918679505,95.28583526611328
2008-02-15,0.020394773773148245,96.76805877685547
2008-02-25,0.01349385858502572,98.33621215820312
2008-03-03,0.012657926561853827,95.59373474121094
2008-03-10,0.01498392414275429,91.6553955078125
2008-03-17,0.014613488339449532,91.8702392578125
2008-03-25,0.020841257642189248,97.0384292602539
2008-04-01,0.008103775799654045,98.3049545288086
2008-04-08,0.0034308938235732,98.45606231689453
2008-04-15,0.008636538463878907,95.87991333007812
2008-04-22,0.012250531389767616,99.2620620727539
2008-04-29,0.02358868185697105,100.08232879638672
2008-05-06,0.010472425910581507,102.21959686279297
2008-05-13,0.012903510862180667,101.08981323242188
2008-05-20,0.007932421564149195,102.10448455810547
2008-05-28,0.009537107624986163,100.24068450927734
2008-06-04,0.007455808042291068,99.31957244873047
2008-06-11,0.004067101923666883,96.38359832763672
2008-06-18,0.004394854157208528,96.60669708251953
2008-06-25,0.0009676835172705012,95.32528686523438
2008-07-02,0.005427467876433667,91.253662109375
2008-07-10,0.005094454780781632,90.61722564697266
2008-07-17,0.017460588850354952,90.54493713378906
2008-07-24,0.009061057357019564,90.76910400390625
2008-07-31,0.008139092907921253,91.7237319946289
2008-08-07,0.003388953936305228,91.85391998291016
2008-08-14,0.0011851161904274932,93.68362426757812
2008-08-21,0.0019573878118421817,92.42526245117188
2008-08-28,0.0009066713281988825,94.15367889404297
2008-09-05,0.00020472235009449946,89.98082733154297
2008-09-12,0.006072052736481481,91.18853759765625
2008-09-19,0.008158485406887905,90.28343963623047
2008-09-26,0.006496894878601722,87.90486907958984
2008-10-03,0.0031783990803830875,80.26002502441406
2008-10-10,0.005953951474811703,64.3738784790039
2008-10-17,0.008189531764454472,67.7999038696289
2008-10-24,0.01219544928044769,63.3118896484375
2008-10-31,0.005404108979902844,70.43302917480469
2008-11-07,0.004202027049132084,68.27262878417969
2008-11-14,0.007151288160297753,63.00636672973633
2008-11-21,0.004318032078121092,57.841896057128906
2008-12-01,0.007621261198423213,59.725826263427734
2008-12-08,0.0035776251798909087,66.19234466552734
2008-12-15,0.006931510503137339,63.82832717895508
2008-12-22,0.007108392494036053,63.840492248535156
2008-12-30,0.0018055964160126337,65.2410888671875
2009-01-07,0.0038035669240308323,66.48767852783203
2009-01-14,0.0023034536236004044,61.86793899536133
2009-01-22,0.006739666889316709,60.68000030517578
2009-01-29,0.014761948505729094,61.99993133544922
2009-02-05,0.012123283644129401,62.01457595825195
2009-02-12,0.02245781354571008,61.347286224365234
2009-02-20,0.03743457673748196,56.77156066894531
2009-02-27,0.027226485796791877,54.21234893798828
2009-03-06,0.004763827258056352,50.53854751586914
2009-03-13,0.009542301709803525,55.796295166015625
2009-03-20,0.01028887805282963,56.65354537963867
2009-03-27,0.0034746115518302645,60.27239227294922
2009-04-03,0.006597785149896396,62.22948455810547
2009-04-13,0.010625391600466827,63.38903045654297
2009-04-20,0.002429009008476868,61.61654281616211
2009-04-27,0.0007968831225575457,63.39640808105469
2009-05-04,0.004367942377083267,67.1186294555664
2009-05-11,0.012207535312374063,67.38452911376953
2009-05-18,0.011001179926946492,67.37715911865234
2009-05-26,0.005617465969095292,67.42887115478516
2009-06-02,0.0024786901679867412,70.05066680908203
2009-06-09,0.0020753499527543795,69.89554595947266
2009-06-16,0.0059680074152623774,67.6799545288086
2009-06-23,0.01313318805639696,66.3614501953125
2009-06-30,0.0191231769275646,68.29252624511719
2009-07-08,0.009316742212671869,65.35875701904297
2009-07-15,0.016888094672118825,69.26544189453125
2009-07-22,0.011000116774855684,70.96625518798828
2009-07-29,0.019996902738835587,72.52596282958984
2009-08-05,0.012750979498505899,74.57588195800781
2009-08-12,0.009240027735572198,74.86548614501953
2009-08-19,0.006529106787947825,74.24164581298828
2009-08-26,0.009994540050719536,76.62574005126953
2009-09-02,0.014896266360107546,74.13764190673828
2009-09-10,0.010921702344457884,77.82896423339844
2009-09-17,0.010557611516286869,79.58918762207031
2009-09-24,0.004230383546765637,78.36384582519531
2009-10-01,0.019703159588345898,76.84146881103516
2009-10-08,0.016309005465434012,79.55784606933594
2009-10-15,0.00998723803688506,81.8712158203125
2009-10-22,0.008037407448078682,81.58763122558594
2009-10-29,0.007365846619819649,79.58768463134766
2009-11-05,0.006677244117373249,79.7369384765625
2009-11-12,0.007923939506500943,81.3637466430664
2009-11-19,0.002153214270030901,81.95330047607422
2009-11-27,0.0010145209502283592,81.76673126220703
2009-12-04,0.005512189702887582,82.84134674072266
2009-12-11,0.0036068212655990806,82.91598510742188
2009-12-18,0.014308965431055753,82.6871109008789
2009-12-28,0.011155968509235947,84.5702896118164
2010-01-05,0.0036028795716518403,85.25304412841797
2010-01-12,0.031143548047921854,85.27555847167969
2010-01-20,0.03837439651024965,85.44811248779297
2010-01-27,0.01172961364215297,82.40201568603516
2010-02-03,0.021126588325348195,82.40201568603516
2010-02-10,0.017403673644054152,80.28628540039062
2010-02-18,0.014954893114815349,83.2123031616211
2010-02-25,0.020903597586407585,83.0322265625
2010-03-04,0.009150056671234807,84.5102767944336
2010-03-11,0.014250786130531878,86.61852264404297
2010-03-18,0.017559639701111962,87.81143188476562
2010-03-25,0.016553139717434107,87.87926483154297
2010-04-01,0.006401396918029434,88.74563598632812
2010-04-09,0.005571717863766423,90.06400299072266
2010-04-16,0.01346423696570298,89.92086029052734
2010-04-23,0.03937383389200377,91.76657104492188
2010-04-30,0.0472948502285746,89.50648498535156
2010-05-07,0.006559131797800433,83.81864166259766
2010-05-14,0.007172790336170465,85.80000305175781
2010-05-21,0.007623833476205988,82.19892883300781
2010-05-28,0.004859356431989426,82.39482879638672
2010-06-07,0.00453659421781083,79.4718017578125
2010-06-14,0.004482201478406722,82.500244140625
2010-06-21,0.0041654344040971125,84.33098602294922
2010-06-28,0.007993770357938246,81.39402770996094
2010-07-06,0.0009259403073897943,77.86668395996094
2010-07-13,0.001845440408576593,83.00631713867188
2010-07-20,0.002735957527463917,82.11312866210938
2010-07-27,0.0035741825467106025,84.43696594238281
2010-08-03,0.003213597992512973,84.94410705566406
2010-08-10,0.0026223570756869208,85.06520080566406
2010-08-17,0.005371374562759712,82.95333862304688
2010-08-24,0.005446977836658817,79.88014221191406
2010-08-31,0.007434458510118702,79.71361541748047
2010-09-08,0.0013271471858118389,83.57406616210938
2010-09-15,0.005670924636831387,85.59507751464844
2010-09-22,0.007507749328603097,86.31205749511719
2010-09-29,0.01153070366687814,87.111083984375
2010-10-06,0.005804949711198049,88.29823303222656
2010-10-13,0.006562508577793835,89.73648834228516
2010-10-20,0.001605352763260015,89.69847106933594
2010-10-27,0.002607624809837006,90.08658599853516
2010-11-03,0.014400411019220627,91.28134155273438
2010-11-10,0.005371103343506434,92.91748046875
2010-11-17,0.006983975324232006,89.96482849121094
2010-11-24,0.013088014665697756,91.47160339355469
2010-12-02,0.005454258977866999,93.26754760742188
2010-12-09,0.0058361827840762714,94.18073272705078
2010-12-16,0.016128672815121092,94.98736572265625
2010-12-23,0.01097483034448743,96.0836181640625
2010-12-31,0.012168831493333698,96.1983871459961
2011-01-07,0.03237827409562044,97.26173400878906
2011-01-14,0.011040733223431687,98.91413879394531
2011-01-24,0.010966976308331766,98.76115417480469
2011-01-31,0.020377101395517627,98.43980407714844
2011-02-07,0.029506300559507537,100.95663452148438
2011-02-14,0.041928215573364014,102.07356262207031
2011-02-22,0.04395818285499331,100.84955596923828
2011-03-01,0.04280055384012371,100.16105651855469
2011-03-08,0.024696065358138952,101.42330932617188
2011-03-15,0.028279671427679176,98.34803771972656
2011-03-22,0.02505088761883556,99.33614349365234
2011-03-29,0.021646734553360858,101.31072235107422
2011-04-05,0.00841629239264563,102.37101745605469
2011-04-12,0.000260812119066145,101.01109313964844
2011-04-19,0.002655695389421453,100.88814544677734
2011-04-27,0.0019147118921054584,104.23802185058594
2011-05-04,0.0022866130297671816,103.59263610839844
2011-05-11,0.01451011642214084,103.2929916381836
2011-05-18,0.009457483371345887,103.23152160644531
2011-05-25,0.02150460296532586,101.7179183959961
2011-06-02,0.03373634555038052,101.21086883544922
2011-06-09,0.027742893877231722,99.42063903808594
2011-06-16,0.019608219269308336,97.80717468261719
2011-06-23,0.018403094677928777,99.0642318725586
2011-06-30,0.008605398923400287,101.89794158935547
2011-07-08,0.00985871443087305,103.7741928100586
2011-07-15,0.007656696434960253,101.6817398071289
2011-07-22,0.00924847690358277,103.91315460205078
2011-07-29,0.009977975800200767,99.8595199584961
2011-08-05,0.008355767873286624,92.7173080444336
2011-08-12,0.007145817316647651,91.20391845703125
2011-08-19,0.003653955008783072,86.9726333618164
2011-08-26,0.00014322200856042855,91.08814239501953
2011-09-02,0.0008310049207338466,90.99545288085938
2011-09-12,0.001139601051566963,90.0843734741211
2011-09-19,0.0028376751788137256,93.37549591064453
2011-09-26,0.0002740482861742777,90.21665954589844
2011-10-03,0.0006843575902504284,85.31932067871094
2011-10-10,0.001013742782632221,92.80890655517578
2011-10-17,0.002219663984883269,93.31340026855469
2011-10-24,0.0020822981345176572,97.39582824707031
2011-10-31,0.00712073507436628,97.40357208251953
2011-11-07,0.0038095461091671723,97.99344635009766
2011-11-14,0.003919793980763586,97.37254333496094
2011-11-21,0.008019347670693122,92.87102508544922
2011-11-29,0.004217070738086193,93.17369842529297
2011-12-06,0.0007184481736075554,97.99344635009766
2011-12-13,0.0015336259763323312,95.5020980834961
2011-12-20,0.006287903906716963,96.79508972167969
2011-12-28,0.007129139134089968,97.49800872802734
2012-01-05,7.369630603548671e-05,100.00521850585938
2012-01-12,0.0018421357368119118,101.15331268310547
2012-01-20,0.002433077500231917,103.05907440185547
2012-01-27,0.00592136830454848,102.95755004882812
2012-02-03,0.0019959686167574375,105.08199310302734
2012-02-10,0.002616604503433706,104.94140625
2012-02-17,0.0021082768076361447,106.54254150390625
2012-02-27,0.012530628763254725,107.12836456298828
2012-03-05,0.009689010454795977,106.8080825805664
2012-03-12,0.032979221811963555,107.45639038085938
2012-03-19,0.0546014853122756,110.49251556396484
2012-03-26,0.048896971534478695,111.08870697021484
2012-04-02,0.03839124029676455,111.26912689208984
2012-04-10,0.012759371258844965,106.60939025878906
2012-04-17,0.0027979995579485717,109.10404205322266
2012-04-24,0.002787349629542746,107.7154769897461
2012-05-01,0.00846088618264318,110.40618896484375
2012-05-08,0.010245622536327659,107.11931610107422
2012-05-15,0.008047512496315079,104.60115051269531
2012-05-22,0.008366477263482608,103.70684051513672
2012-05-30,0.01108735290711138,103.36170196533203
2012-06-06,0.00984809631832917,103.52642822265625
2012-06-13,0.0020313820759092494,103.60487365722656
2012-06-20,0.005270396021682444,106.83057403564453
2012-06-27,0.004328090735658208,105.00907135009766
2012-07-05,0.00528790615932806,107.86358642578125
2012-07-12,0.0069876722161943405,105.27717590332031
2012-07-19,0.009606573025049414,108.60478210449219
2012-07-26,0.0033931770640087677,107.37469482421875
2012-08-02,0.0036255132999691853,107.74530792236328
2012-08-09,0.008133982452253719,110.87577819824219
2012-08-16,0.005241005706967172,111.96392059326172
2012-08-23,0.013004249434104054,110.91516876220703
2012-08-30,0.017112391914018588,110.78112030029297
2012-09-07,0.0026955869744362815,113.80912017822266
2012-09-14,0.0069922565041551366,116.10372924804688
2012-09-21,0.01748258109704892,115.63748168945312
2012-09-28,0.0014391025666711244,114.13128662109375
2012-10-05,0.016551541971374206,115.85150146484375
2012-10-12,0.018592636491135295,113.27510070800781
2012-10-19,0.053127404836423864,113.67146301269531
2012-10-26,0.023737798679320576,112.05429077148438
2012-11-06,0.012355452451050297,113.33059692382812
2012-11-13,0.010358191564222352,109.23212432861328
2012-11-20,0.013793127414807316,110.34193420410156
2012-11-28,0.010150772783486417,112.14149475097656
2012-12-05,0.0038143760652431524,112.17314147949219
2012-12-12,0.00043043200478010135,113.76659393310547
2012-12-19,0.004636092610176945,114.38493347167969
2012-12-27,0.010021573152357632,113.01666259765625
2013-01-04,0.00035733249049840765,116.85682678222656
2013-01-11,0.004042604924730853,117.4156723022461
2013-01-18,0.0007854740211747924,118.421630859375
2013-01-28,0.003917201761510114,119.810791015625
2013-02-04,0.005581056610367341,119.38761138916016
2013-02-11,0.013228654601324052,121.16793823242188
2013-02-19,0.011727769693425927,122.34955596923828
2013-02-26,0.004977510952318909,119.77082824707031
2013-03-05,0.017502027753703686,123.17984771728516
2013-03-12,0.012881257605108942,124.28961181640625
2013-03-19,0.014549026311684088,123.984375
2013-03-26,0.010687740394054401,125.25139617919922
2013-04-03,0.018619095196154234,124.48151397705078
2013-04-10,0.014728951870548457,127.24008178710938
2013-04-17,0.01836658734044505,124.38522338867188
2013-04-24,0.013033860433921518,126.60662078857422
2013-05-01,0.012145486935182248,126.92735290527344
2013-05-08,0.0216023803429799,130.98509216308594
2013-05-15,0.023448940669016594,133.21434020996094
2013-05-22,0.034445664929883435,133.06204223632812
2013-05-30,0.024257969788408218,132.98187255859375
2013-06-06,0.022185672485726116,130.49595642089844
2013-06-13,0.007183758072237367,131.6827392578125
2013-06-20,0.0020796129220137516,127.82547760009766
2013-06-27,0.013017020652281275,129.8562469482422
2013-07-05,0.011874859316669983,131.42015075683594
2013-07-12,0.0036641520489375523,135.0398406982422
2013-07-19,0.004767535112790711,136.3780517578125
2013-07-26,0.0099490062114036,136.32968139648438
2013-08-02,0.005621309375175798,137.81301879882812
2013-08-09,0.006012850905708689,136.49093627929688
2013-08-16,0.0020687430362507087,133.68551635742188
2013-08-23,0.004294843264485593,134.32237243652344
2013-08-30,0.012537268680024027,131.92800903320312
2013-09-09,0.02281196163997734,135.13656616210938
2013-09-16,0.01838056736063365,137.297119140625
2013-09-23,0.022430742372346657,137.65847778320312
2013-09-30,0.03182877859179811,136.1031036376953
2013-10-07,0.011246251176221023,135.6332244873047
2013-10-14,0.012598938186911823,138.47665405273438
2013-10-21,0.024489610226773095,141.2796173095703
2013-10-28,0.015250969791512858,142.7620391845703
2013-11-04,0.01433540293439961,143.24815368652344
2013-11-11,0.006465075704198853,143.6450653076172
2013-11-18,0.014492993856674019,145.34628295898438
2013-11-25,0.00999404014139671,146.32644653320312
2013-12-03,0.011035705244125893,145.61351013183594
2013-12-10,0.01236113380195647,146.4236602783203
2013-12-17,0.006912567137469239,144.72250366210938
2013-12-24,0.015389669094652447,148.994140625
2014-01-02,0.009918395286472759,148.9860382080078
2014-01-09,0.016710804220053888,149.57249450683594
2014-01-16,0.011657842052166245,150.20770263671875
2014-01-24,0.010803229239204626,145.7036895751953
2014-01-31,0.015598670128131431,145.12538146972656
2014-02-07,0.0039368806577719795,146.3471221923828
2014-02-14,0.008540094236778373,149.88198852539062
2014-02-24,0.0035556014427342575,150.6068878173828
2014-03-03,0.007262569349240522,150.66392517089844
2014-03-10,0.010775506333178697,153.25399780273438
2014-03-17,0.007655036616625921,151.763427734375
2014-03-24,0.003410398126540315,151.69699096679688
2014-03-31,0.005219427162700185,152.98948669433594
2014-04-07,0.0038314526596465726,150.80526733398438
2014-04-14,0.004842237085217249,149.65997314453125
2014-04-22,0.01620859882660497,153.70948791503906
2014-04-29,0.014773925264019994,153.5949249267578
2014-05-06,0.028732741443917575,152.80142211914062
2014-05-13,0.018574520979029785,155.4029083251953
2014-05-20,0.00276666504371903,153.43133544921875
2014-05-28,0.006698723393885331,156.56463623046875
2014-06-04,0.011597404480991003,158.04530334472656
2014-06-11,0.014194513445669799,159.46060180664062
2014-06-18,0.023421575626841218,160.55673217773438
2014-06-25,0.04766606426391107,160.76718139648438
2014-07-02,0.027769629356573233,162.12347412109375
2014-07-10,0.02818746616236467,161.3918914794922
2014-07-17,0.020142894323306848,160.8740234375
2014-07-24,0.03618503037436227,163.290771484375
2014-07-31,0.026405364523842678,158.72036743164062
2014-08-07,0.02211462246658158,157.02708435058594
2014-08-14,0.02555053885642522,160.9151611328125
2014-08-21,0.029456252678901507,163.9894561767578
2014-08-28,0.011293471622010998,164.51551818847656
2014-09-05,0.017907983804008154,165.31288146972656
2014-09-12,0.013021408282391178,163.68533325195312
2014-09-19,0.015316983954406282,165.7470245361328
2014-09-26,0.018468763639710062,163.4346466064453
2014-10-03,0.006726376861386996,162.29501342773438
2014-10-10,0.0002902861145557267,157.35643005371094
2014-10-17,0.009938388129594244,155.64697265625
2014-10-24,0.010975920830432528,162.2206268310547
2014-10-31,0.00725942531105872,166.539794921875
2014-11-07,0.01080286789748186,167.92723083496094
2014-11-14,0.006813159609471597,168.67056274414062
2014-11-21,0.006314906150347355,170.68551635742188
2014-12-01,0.006304197407722256,169.92579650878906
2014-12-08,0.011537182712046956,170.62774658203125
2014-12-15,0.016965041816707327,164.76426696777344
2014-12-22,0.020865191613850698,172.28366088867188
2014-12-30,0.004685174528720637,172.39158630371094
2015-01-07,0.022071583584455823,167.998779296875
2015-01-14,0.006705658615892673,166.79466247558594
2015-01-22,0.002960115680338049,171.14599609375
2015-01-29,0.005146124003655217,167.73301696777344
2015-02-05,0.0036043420799778403,171.16256713867188
2015-02-12,0.014120308173165341,173.48773193359375
2015-02-20,0.006001368050000622,175.41427612304688
2015-02-27,0.009765810546586096,174.9326629638672
2015-03-06,0.00580547344460669,172.30850219726562
2015-03-13,0.007887954122136165,170.9217987060547
2015-03-20,0.003943946952240651,175.50494384765625
2015-03-27,0.003645806789965178,171.6096649169922
2015-04-06,0.0021905315902159828,173.35292053222656
2015-04-13,0.0009977203633653176,174.4039306640625
2015-04-20,0.00152888884816349,175.03790283203125
2015-04-27,0.007098914457426275,175.80523681640625
2015-05-04,0.0008786527154178714,176.2639923095703
2015-05-11,0.003835430533321471,175.67176818847656
2015-05-18,0.006608765930302241,177.7487335205078
2015-05-26,0.01607902907049663,175.746826171875
2015-06-02,0.01342357434127095,176.29737854003906
2015-06-09,0.008263198606194067,173.87014770507812
2015-06-16,0.01274767464051152,175.37144470214844
2015-06-23,0.0067956606983266,177.724853515625
2015-06-30,0.017419639580268154,172.53660583496094
2015-07-08,0.0010268853110062537,171.43019104003906
2015-07-15,0.0053353076167859115,176.52627563476562
2015-07-22,0.005013583302467595,177.16329956054688
2015-07-29,0.03448743828420575,176.66038513183594
2015-08-05,0.015924284143594036,176.0736541748047
2015-08-12,0.008360421065862766,175.10977172851562
2015-08-19,0.01446835323298501,174.6068878173828
2015-08-26,0.0037840710071463945,162.9898681640625
2015-09-02,0.0007937766451604489,163.78611755371094
2015-09-10,0.001955518704829018,164.15492248535156
2015-09-17,0.0035274148100938874,167.40699768066406
2015-09-24,0.002974014600219732,162.52288818359375
2015-10-01,1.3420214347803494e-05,161.8742218017578
2015-10-08,0.00042962886667652356,169.5242919921875
2015-10-15,0.0031223492686329735,170.48472595214844
2015-10-22,0.008324414427207216,172.9365234375
2015-10-29,0.002271916632807347,175.94432067871094
2015-11-05,0.004548063480648068,177.05648803710938
2015-11-12,0.011201636878912069,172.58261108398438
2015-11-19,0.0150671559695148,175.7084503173828
2015-11-27,0.010029534369568438,176.5594024658203
2015-12-04,0.012829226724868192,176.60989379882812
2015-12-11,0.004080249988160034,170.08880615234375
2015-12-18,0.005333548419891976,169.52464294433594
2015-12-28,0.0032423857654002575,173.92337036132812
2016-01-05,0.0030889283909942833,170.6603240966797
2016-01-12,0.0024529167630369386,164.13430786132812
2016-01-20,0.001987365805867114,157.34548950195312
2016-01-27,0.0027659719938242233,159.4474334716797
2016-02-03,0.0033673989637605928,162.13418579101562
2016-02-10,0.005092088688137153,157.02345275878906
2016-02-18,0.008624293558838758,162.8036346435547
2016-02-25,0.003749256430829462,165.72763061523438
2016-03-03,0.003964577738219788,169.32125854492188
2016-03-10,0.009944528802090957,169.11781311035156
2016-03-17,0.015874703088567088,173.43179321289062
2016-03-24,0.017658421194347795,173.03985595703125
2016-04-01,0.016976213135261986,176.27716064453125
2016-04-08,0.015538853152602172,174.21548461914062
2016-04-15,0.011152046261589277,177.0098114013672
2016-04-22,0.010449302493515944,178.0235595703125
2016-04-29,0.02551459725836125,175.77450561523438
2016-05-06,0.015461020333169984,175.25485229492188
2016-05-13,0.015094377304730955,174.4370574951172
2016-05-20,0.02413968326498761,175.0589141845703
2016-05-27,0.013636383980109912,179.10552978515625
2016-06-06,0.014364411433177793,180.05116271972656
2016-06-13,0.025036087092516368,177.58058166503906
2016-06-20,0.02541869274834596,177.99029541015625
2016-06-27,0.013336511285274355,170.92547607421875
2016-07-05,0.002924075926824088,178.46983337402344
2016-07-12,0.004781725681453963,184.0702667236328
2016-07-19,0.00364454740391551,185.1321563720703
2016-07-26,0.005382451183617576,185.6116943359375
2016-08-02,0.0028117795972733006,184.5841522216797
2016-08-09,0.0015067374610673312,186.83621215820312
2016-08-16,0.00026638796334310655,186.6479034423828
2016-08-23,0.0016298872674624931,187.51275634765625
2016-08-30,0.0024474491056807324,186.6821746826172
2016-09-07,0.005121063896748268,187.54705810546875
2016-09-14,0.016284127689544903,182.52886962890625
2016-09-21,0.02149828878806659,185.74887084960938
2016-09-28,0.02068010355452543,186.45460510253906
2016-10-05,0.020245314145398652,185.58534240722656
2016-10-12,0.005708003030342468,183.93287658691406
2016-10-19,0.006686390986128998,184.42340087890625
2016-10-26,0.009810793130593964,183.95867919921875
2016-11-02,0.012317687011869083,180.51602172851562
2016-11-09,0.015540317795288416,186.23086547851562
2016-11-16,0.03284402880063553,187.51319885253906
2016-11-23,0.07452268974455478,189.94894409179688
2016-12-01,0.030303760907415267,188.9763946533203
2016-12-08,0.039598824538447985,193.7788543701172
2016-12-15,0.05047737873334768,195.2075653076172
2016-12-22,0.05777813122098863,195.12014770507812
2016-12-30,0.0446539200903473,193.5186004638672
2017-01-09,0.03239239067159261,196.05516052246094
2017-01-17,0.012482275539682064,195.87338256835938
2017-01-24,0.01567887956830205,197.04209899902344
2017-01-31,0.029028659459783057,196.98150634765625
2017-02-07,0.03290716851329023,198.20217895507812
2017-02-14,0.04327230412280869,202.32308959960938
2017-02-22,0.0700548468410318,204.55670166015625
2017-03-01,0.07905727515921512,207.58676147460938
2017-03-08,0.05910977077133239,204.79908752441406
2017-03-15,0.05725112846909042,206.86822509765625
2017-03-22,0.0411048535475409,203.70761108398438
2017-03-29,0.046981187633349464,204.80316162109375
2017-04-05,0.04944548234344737,204.142333984375
2017-04-12,0.013159396107255361,203.490234375
2017-04-20,0.02164584162178329,204.6292724609375
2017-04-27,0.011011853920923187,207.4638671875
2017-05-04,0.01296494008797211,207.60301208496094
2017-05-11,0.009558665117499032,208.14205932617188
2017-05-18,0.018742648185327226,205.87269592285156
2017-05-25,0.018233596736834556,210.21148681640625
2017-06-02,0.03068382210679843,212.30702209472656
2017-06-09,0.028437368952054953,211.64617919921875
2017-06-16,0.02738400408051689,212.00552368164062
2017-06-23,0.045404594963187606,212.43365478515625
2017-06-30,0.03741230738363299,211.27157592773438
2017-07-10,0.025003660305102926,211.76956176757812
2017-07-17,0.019928117136871037,214.53062438964844
2017-07-24,0.025740235685333346,215.6577606201172
2017-07-31,0.060735674752152136,215.61404418945312
2017-08-07,0.06862002225766162,216.57518005371094
2017-08-14,0.06928746879285086,215.4131317138672
2017-08-21,0.049184820347722535,212.23272705078125
2017-08-28,0.01602302947734202,213.6918182373047
2017-09-05,0.024643073524856618,214.9936981201172
2017-09-12,0.02977823974099536,218.47996520996094
2017-09-19,0.05699258890409453,219.49398803710938
2017-09-26,0.05499434264127956,218.7124786376953
2017-10-03,0.04740615257271941,222.03160095214844
2017-10-10,0.03187055208424283,223.57708740234375
2017-10-17,0.0321215901525278,224.3234100341797
2017-10-24,0.046803854705999015,225.28054809570312
2017-10-31,0.05677937477733508,225.7986297607422
2017-11-07,0.055429937723531,227.13328552246094
2017-11-14,0.06675923416059959,226.30789184570312
2017-11-21,0.07128830281610021,228.2923126220703
2017-11-29,0.0824080639009992,230.6807403564453
2017-12-06,0.0673972799410194,231.1461639404297
2017-12-13,0.047743461263536346,234.22817993164062
2017-12-20,0.05926103264533822,235.6725311279297
2017-12-28,0.07281419854115256,236.41390991210938
2018-01-05,0.0646026501439394,241.312255859375
2018-01-12,0.04471073709382267,245.28370666503906
2018-01-22,0.044499113198554596,249.49351501464844
2018-01-29,0.04426095712047129,251.24993896484375
2018-02-05,0.05240868147208033,232.93655395507812
2018-02-12,0.02028132412923611,234.18099975585938
2018-02-20,0.01988657675034844,239.52940368652344
2018-02-27,0.01367323973492418,242.20350646972656
2018-03-06,0.008688097743512202,240.83563232421875
2018-03-13,0.0061355410491152895,244.2246551513672
2018-03-20,0.0013370543072923624,240.0899658203125
2018-03-27,0.0020672469969085228,230.91876220703125
2018-04-04,0.0014251171009895813,233.54164123535156
2018-04-11,0.0008644913701871815,233.71890258789062
2018-04-18,0.0004368287653484515,239.59373474121094
2018-04-25,0.003823274008844635,233.60372924804688
2018-05-02,0.00830825521130052,233.22267150878906
2018-05-09,0.0019994937208167585,238.80514526367188
2018-05-16,0.0023749423914409817,241.2330322265625
2018-05-23,0.0024660666485551985,242.22549438476562
2018-05-31,0.002976945834209488,240.0811309814453
2018-06-07,0.009414068289363087,245.77874755859375
2018-06-14,0.014015513358121012,246.9839630126953
2018-06-21,0.042549484790502135,244.096435546875
2018-06-28,0.03242652074678887,241.1146697998047
2018-07-06,0.009705422302666022,245.14675903320312
2018-07-13,0.005391945105017726,248.8583984375
2018-07-20,0.012272993731908599,248.93849182128906
2018-07-27,0.0108434654206917,250.4872589111328
2018-08-03,0.02465426758111633,252.4276580810547
2018-08-10,0.03840386512293392,252.03598022460938
2018-08-17,0.03050443152782023,253.72706604003906
2018-08-24,0.03022826705232262,255.9078826904297
2018-08-31,0.04539729422008065,258.40008544921875
2018-09-10,0.050547634009745934,256.4330139160156
2018-09-17,0.05196490021691602,257.53668212890625
2018-09-24,0.03703721948176053,260.2046203613281
2018-10-01,0.04154417393077381,260.8394470214844
2018-10-08,0.04964649472217175,257.34344482421875
2018-10-15,0.010982159502017197,245.34442138671875
2018-10-22,0.03439684545935506,245.8898162841797
2018-10-29,0.029183126697745365,235.92051696777344
2018-11-05,0.02100467444962817,244.44140625
2018-11-12,0.016062336061150262,243.70826721191406
2018-11-19,0.0065047440109999854,240.60568237304688
2018-11-27,0.015422775683891388,239.9798126220703
2018-12-04,0.009390248783436306,241.63392639160156
2018-12-12,0.0049717978923062844,237.35107421875
2018-12-19,0.008416151395646665,224.65467834472656
2018-12-27,0.006393782299223716,223.0977325439453
2019-01-04,0.00602672876197019,226.9828338623047
2019-01-11,0.00330473037562129,232.90943908691406
2019-01-18,0.005243161685573483,239.63656616210938
2019-01-28,0.02973642347150829,237.20831298828125
2019-02-04,0.01487520918209384,244.5828399658203
2019-02-11,0.01799535711462852,243.377685546875
2019-02-19,0.0019196204271167971,249.8798828125
2019-02-26,0.00208646538357371,251.20188903808594
2019-03-05,0.004751020772623349,250.93211364746094
2019-03-12,0.008524388807845895,251.3548126220703
2019-03-19,0.010092554707522794,255.09059143066406
2019-03-26,0.013259133928606559,253.934326171875
2019-04-02,0.0194190442243638,258.31524658203125
2019-04-09,0.018091863066246106,259.5257263183594
2019-04-16,0.015782742187244736,262.1001281738281
2019-04-24,0.017641975558866818,263.969970703125
2019-05-01,0.04355794071319963,263.59051513671875
2019-05-08,0.024750778491871017,259.7244567871094
2019-05-15,0.005760232179799374,257.4933166503906
2019-05-22,0.031451785899086815,258.008056640625
2019-05-30,0.019631942311903572,252.04644775390625
2019-06-06,0.023349329663226115,257.2583923339844
2019-06-13,0.03604358872780011,261.57623291015625
2019-06-20,0.027859499227101736,267.2488098144531
2019-06-27,0.019652766633388552,264.5912170410156
2019-07-05,0.010372366154086876,270.90875244140625
2019-07-12,0.008759169704141812,272.8964538574219
2019-07-19,0.01769182235115707,269.7376708984375
2019-07-26,0.028059161911322406,274.1309509277344
2019-08-02,0.011000360265750686,265.6077575683594
2019-08-09,0.02478613303135191,264.7001953125
2019-08-16,0.019661739375280263,262.185791015625
2019-08-23,0.024686489739728756,258.5551452636719
2019-08-30,0.015322212158569215,265.4535217285156
2019-09-09,0.008584866418281933,270.67266845703125
2019-09-16,0.01854197712165373,272.4518127441406
2019-09-23,0.015565609547330439,271.9317626953125
2019-09-30,0.012120562222687425,270.6186218261719
2019-10-07,0.007342762876714204,267.2538146972656
2019-10-14,0.0037119872198765336,269.87091064453125
2019-10-21,0.01171065828142659,273.5549621582031
2019-10-28,0.008392415602457959,276.57318115234375
2019-11-04,0.010661539121599617,280.2845764160156
2019-11-11,0.008861839596100651,281.1782531738281
2019-11-18,0.014591782626261818,284.52484130859375
2019-11-25,0.010412880276767567,285.755859375
2019-12-03,0.012012558647064964,282.2724914550781
2019-12-10,0.00975262690305101,285.9018249511719
2019-12-17,0.008190642998872733,291.4095458984375
2019-12-24,0.015347256671510934,294.3634338378906
2020-01-02,0.01003958199629551,297.6990051269531
2020-01-09,0.01322847067974564,299.330078125
2020-01-16,0.03824754243739292,303.24298095703125
2020-01-24,0.013427642399328477,301.27288818359375
2020-01-31,0.008339426241736447,294.8215637207031
2020-02-07,0.005381589479870996,304.41595458984375
2020-02-14,0.003241741324220726,309.3642883300781
2020-02-24,0.0049938228674086815,295.4538879394531
2020-03-02,0.0006450237378174961,283.2388000488281
2020-03-09,0.006129152588954412,251.2943878173828
2020-03-16,0.001490291393901444,219.78976440429688
2020-03-23,0.005742883195363646,205.50462341308594
2020-03-30,0.0073227512870346345,241.17645263671875
2020-04-06,0.005953666778310662,244.13522338867188
2020-04-14,0.005265468705098364,261.5839538574219
2020-04-21,0.006437887476391069,251.67518615722656
2020-04-28,0.00473453092367393,263.37225341796875
2020-05-05,0.004145792966795625,263.7961730957031
2020-05-12,0.004768018687883568,264.2386169433594
2020-05-19,0.003505064041263495,269.1239318847656
2020-05-27,0.008993884007725939,279.7794189453125
2020-06-03,0.010362712958407627,287.7525329589844
2020-06-10,0.005164775021196277,294.03887939453125
2020-06-17,0.003600048385855814,287.2731628417969
2020-06-24,0.0033243089777705848,281.52899169921875
2020-07-01,0.006573539090481972,287.48193359375
2020-07-09,0.01639481888908989,291.0555725097656
2020-07-16,0.012062137768776182,296.99005126953125
2020-07-23,0.004208599141914959,298.9990234375
2020-07-30,0.006815266862915337,299.9247741699219
2020-08-06,0.0029958618270775617,309.52545166015625
2020-08-13,0.0035252641282994546,311.8399658203125
2020-08-20,0.0046013196044008,313.1823425292969
2020-08-27,0.007054733160536841,322.48663330078125
2020-09-03,0.009525353995918806,319.7649230957031
2020-09-11,0.004000334357197488,309.27545166015625
2020-09-18,0.009101429242058146,307.34381103515625
2020-09-25,0.0065619790175226456,305.5591735839844
2020-10-02,0.016990185688634085,310.3089904785156
2020-10-09,0.015510500669666527,322.4019470214844
2020-10-16,0.020074182609636892,322.8109436035156
2020-10-23,0.030724452226550625,321.4073791503906
2020-10-30,0.006682427408698288,303.5235290527344
2020-11-06,0.007988899278160488,325.4786682128906
2020-11-13,0.005342081026551426,332.85894775390625
2020-11-20,0.005087668392331324,330.2841796875
2020-11-30,0.005318465283004059,336.53985595703125
2020-12-07,0.006795399387403478,343.0743713378906
2020-12-14,0.001491464573344814,338.95660400390625
2020-12-21,0.0005621698349607129,343.3885803222656
2020-12-29,0.003766929049618284,346.74908447265625
2021-01-06,0.0045925823834167545,348.7001037597656
2021-01-13,0.030493488836071947,354.52496337890625
2021-01-21,0.026355262656569067,358.678955078125
2021-01-28,0.022067532813569102,352.5086364746094
2021-02-04,0.03175528025609253,360.49920654296875
2021-02-11,0.025259836001808367,364.7185363769531
2021-02-19,0.021200654590984414,364.0837707519531
2021-02-26,0.021538598102978312,355.05706787109375
2021-03-05,0.011669633822467773,358.1094970703125
2021-03-12,0.04792026330000709,367.84564208984375
2021-03-19,0.04391548504188236,364.76116943359375
2021-03-26,0.03701336025727997,370.8486022949219
2021-04-05,0.030162830258049667,380.56982421875
2021-04-12,0.03093638693090739,385.51470947265625
2021-04-19,0.015514928391059613,388.858154296875
2021-04-26,0.009978911087991094,391.1058349609375
2021-05-03,0.027214229392392042,391.6584167480469
2021-05-10,0.010573972301916257,391.4149169921875
2021-05-17,0.03361016987406984,389.1484680175781
2021-05-24,0.01896692113620091,392.56683349609375
2021-06-01,0.01864264410413341,393.0351257324219
2021-06-08,0.0431983199194832,395.47943115234375
2021-06-15,0.02972130568230824,397.5398864746094
2021-06-22,0.0037159878007422265,397.55316162109375
2021-06-29,0.009117897708062372,401.8659362792969
2021-07-07,0.021430194410584136,408.2176208496094
2021-07-14,0.009064009900338732,409.8900451660156
2021-07-21,0.0034280661562071657,408.30218505859375
2021-07-28,0.015964066572387026,412.3236389160156
2021-08-04,0.019291616775294784,412.464599609375
2021-08-11,0.022069833138559147,416.97467041015625
2021-08-18,0.01869171658420754,412.6524658203125
2021-08-25,0.013216333811573833,421.7947082519531
2021-09-01,0.016365103391617453,424.51025390625
2021-09-09,0.020217638835994478,421.86053466796875
2021-09-16,0.022136449718296092,420.15985107421875
2021-09-23,0.006761933749970694,417.7449035644531
2021-09-30,0.007318374666727578,404.51068115234375
2021-10-07,0.009622982532565771,413.4844055175781
2021-10-14,0.006787914421003904,417.1039733886719
2021-10-21,0.009972439268842948,427.5574951171875
2021-10-28,0.034571127309895644,432.0159912109375
2021-11-04,0.041483418451633725,440.11297607421875
2021-11-11,0.03414437746686616,437.15325927734375
2021-11-18,0.022335523395629053,442.7711486816406
2021-11-26,0.04875805322723181,432.628662109375
2021-12-03,0.04506073809810829,427.3972473144531
2021-12-10,0.04025514661605456,443.72320556640625
2021-12-17,0.03453373845920282,434.99993896484375
2021-12-27,0.013689034763920915,451.44952392578125
2022-01-03,0.018558275573418825,451.8751220703125
2022-01-10,0.015319998438354077,440.3349304199219
2022-01-18,0.031423394296844265,431.802734375
2022-01-25,0.016658323791737928,410.97357177734375
2022-02-01,0.024844693902377202,428.4541320800781
2022-02-08,0.029278699189458024,426.5528869628906
2022-02-15,0.018642557284692884,421.9747009277344
2022-02-23,0.03166259689105644,399.1307067871094
2022-03-02,0.01926753299927597,414.20867919921875
2022-03-09,0.04639865297359691,404.29541015625
2022-03-16,0.035533793522493085,412.0614013671875
2022-03-23,0.021493797757898392,421.1031799316406
2022-03-30,0.025259558506164126,435.2412109375
2022-04-06,0.024336287664397105,423.6840515136719
2022-04-13,0.020512574096070324,420.63824462890625
2022-04-21,0.022588450150948347,415.6567687988281
2022-04-28,0.010665722224104002,405.9308776855469
2022-05-05,0.020528462618564447,392.64691162109375
2022-05-12,0.020609243856082315,372.27490234375
2022-05-19,0.010367803376919227,369.54217529296875
2022-05-26,0.016850439371303594,384.5816955566406
2022-06-03,0.023433512175341065,389.5441589355469
2022-06-10,0.02339893649262592,369.8648986816406
2022-06-17,0.014209272290848673,348.6487731933594
2022-06-27,0.004980362382667636,370.3094482421875
2022-07-05,0.005274012771831593,363.9913024902344
2022-07-12,0.01417001194436196,362.9144592285156
2022-07-19,0.0047622050984017505,373.8163757324219
2022-07-26,0.011245876099284402,372.50128173828125
2022-08-02,0.003274425797307856,388.86358642578125
2022-08-09,0.006215749064100606,391.9988098144531
2022-08-16,0.003164521091672867,409.4855651855469
2022-08-23,0.006529019494664112,392.9517517089844
2022-08-30,0.002355454399115331,379.4768981933594
2022-09-07,0.004812418478529423,379.0671081542969
2022-09-14,0.007923083099985462,376.0367126464844
2022-09-21,0.00945103104668732,361.11370849609375
2022-09-28,0.013580168992170627,354.549560546875
2022-10-05,0.008800105369410005,360.8266296386719
2022-10-12,0.0012561247541746923,341.18212890625
2022-10-19,0.0005770083034555284,352.6070861816406
2022-10-26,0.002172803711324889,365.5440368652344
2022-11-02,0.002755054317145067,358.70233154296875
2022-11-09,0.0012977991698974733,357.99432373046875
2022-11-16,0.006508095297306227,378.3948059082031
2022-11-23,0.016503675712254307,385.0641784667969
2022-12-01,0.012869583431744047,389.810302734375
2022-12-08,0.012804947777095066,379.1506652832031
2022-12-15,0.014009494204838546,372.8258361816406
2022-12-22,0.012148176120977183,365.97296142578125
2022-12-30,0.01609504952221741,367.61669921875
